-- MySQL dump 10.13  Distrib 5.6.42, for Linux (x86_64)
--
-- Host: localhost    Database: small
-- ------------------------------------------------------
-- Server version	5.6.42

/*!40101 SET @OLD_CHARACTER_SET_CLIENT=@@CHARACTER_SET_CLIENT */;
/*!40101 SET @OLD_CHARACTER_SET_RESULTS=@@CHARACTER_SET_RESULTS */;
/*!40101 SET @OLD_COLLATION_CONNECTION=@@COLLATION_CONNECTION */;
/*!40101 SET NAMES utf8 */;
/*!40103 SET @OLD_TIME_ZONE=@@TIME_ZONE */;
/*!40103 SET TIME_ZONE='+00:00' */;
/*!40014 SET @OLD_UNIQUE_CHECKS=@@UNIQUE_CHECKS, UNIQUE_CHECKS=0 */;
/*!40014 SET @OLD_FOREIGN_KEY_CHECKS=@@FOREIGN_KEY_CHECKS, FOREIGN_KEY_CHECKS=0 */;
/*!40101 SET @OLD_SQL_MODE=@@SQL_MODE, SQL_MODE='NO_AUTO_VALUE_ON_ZERO' */;
/*!40111 SET @OLD_SQL_NOTES=@@SQL_NOTES, SQL_NOTES=0 */;

--
-- Table structure for table `tb_address`
--

DROP TABLE IF EXISTS `tb_address`;
/*!40101 SET @saved_cs_client     = @@character_set_client */;
/*!40101 SET character_set_client = utf8 */;
CREATE TABLE `tb_address` (
  `address_id` bigint(20) NOT NULL AUTO_INCREMENT,
  `user_id` bigint(20) DEFAULT NULL,
  `user_name` varchar(255) DEFAULT NULL,
  `tel` varchar(255) DEFAULT NULL,
  `street_name` varchar(255) DEFAULT NULL,
  `is_default` tinyint(1) DEFAULT NULL,
  PRIMARY KEY (`address_id`)
) ENGINE=InnoDB AUTO_INCREMENT=10 DEFAULT CHARSET=utf8 ROW_FORMAT=COMPACT;
/*!40101 SET character_set_client = @saved_cs_client */;

--
-- Dumping data for table `tb_address`
--

LOCK TABLES `tb_address` WRITE;
/*!40000 ALTER TABLE `tb_address` DISABLE KEYS */;
INSERT INTO `tb_address` VALUES (3,63,'test','18782059038','四川省成都市青羊区百花中心站对面',1),(5,63,'admin','18782059038','上海青浦区汇联路',0),(8,62,'tom','13434444444','shi',1),(9,62,'tom','12323232323','shi',0);
/*!40000 ALTER TABLE `tb_address` ENABLE KEYS */;
UNLOCK TABLES;

--
-- Table structure for table `tb_base`
--

DROP TABLE IF EXISTS `tb_base`;
/*!40101 SET @saved_cs_client     = @@character_set_client */;
/*!40101 SET character_set_client = utf8 */;
CREATE TABLE `tb_base` (
  `id` int(11) NOT NULL AUTO_INCREMENT,
  `web_name` varchar(255) DEFAULT NULL,
  `key_word` varchar(255) DEFAULT NULL,
  `description` varchar(255) DEFAULT NULL,
  `source_path` varchar(255) DEFAULT NULL,
  `upload_path` varchar(255) DEFAULT NULL,
  `copyright` varchar(1000) DEFAULT NULL,
  `count_code` varchar(1000) DEFAULT NULL,
  `has_log_notice` int(11) DEFAULT NULL,
  `log_notice` varchar(1000) DEFAULT NULL,
  `has_all_notice` int(11) DEFAULT NULL,
  `all_notice` varchar(1000) DEFAULT NULL,
  `notice` varchar(8000) DEFAULT NULL,
  `update_log` varchar(8000) DEFAULT NULL,
  `front_url` varchar(255) DEFAULT NULL,
  PRIMARY KEY (`id`)
) ENGINE=InnoDB AUTO_INCREMENT=2 DEFAULT CHARSET=utf8;
/*!40101 SET character_set_client = @saved_cs_client */;

--
-- Dumping data for table `tb_base`
--

LOCK TABLES `tb_base` WRITE;
/*!40000 ALTER TABLE `tb_base` DISABLE KEYS */;
INSERT INTO `tb_base` VALUES (1,'XMall后台管理系统 v1.0','XMall后台管理系统 v1.0,XMall,XMall购物商城后台管理系统','XMall后台管理系统 v1.0，是一款电商后台管理系统，适合中小型CMS后台系统。','','','','',0,'test login notice',0,'test all notice','','','http://blog.exrick.cn');
/*!40000 ALTER TABLE `tb_base` ENABLE KEYS */;
UNLOCK TABLES;

--
-- Table structure for table `tb_dict`
--

DROP TABLE IF EXISTS `tb_dict`;
/*!40101 SET @saved_cs_client     = @@character_set_client */;
/*!40101 SET character_set_client = utf8 */;
CREATE TABLE `tb_dict` (
  `id` int(11) NOT NULL AUTO_INCREMENT,
  `dict` varchar(255) DEFAULT NULL,
  `type` int(1) DEFAULT NULL COMMENT '1扩展词 0停用词',
  PRIMARY KEY (`id`)
) ENGINE=InnoDB AUTO_INCREMENT=6 DEFAULT CHARSET=latin1;
/*!40101 SET character_set_client = @saved_cs_client */;

--
-- Dumping data for table `tb_dict`
--

LOCK TABLES `tb_dict` WRITE;
/*!40000 ALTER TABLE `tb_dict` DISABLE KEYS */;
INSERT INTO `tb_dict` VALUES (1,'Exrick',1),(2,'xmall',1),(4,'test',0),(5,'test',1);
/*!40000 ALTER TABLE `tb_dict` ENABLE KEYS */;
UNLOCK TABLES;

--
-- Table structure for table `tb_express`
--

DROP TABLE IF EXISTS `tb_express`;
/*!40101 SET @saved_cs_client     = @@character_set_client */;
/*!40101 SET character_set_client = utf8 */;
CREATE TABLE `tb_express` (
  `id` int(11) NOT NULL AUTO_INCREMENT COMMENT '快递ID',
  `express_name` varchar(255) DEFAULT NULL COMMENT '商品描述',
  `sort_order` int(11) DEFAULT NULL COMMENT '排序',
  `created` datetime DEFAULT NULL COMMENT '创建时间',
  `updated` datetime DEFAULT NULL COMMENT '更新时间',
  PRIMARY KEY (`id`)
) ENGINE=InnoDB AUTO_INCREMENT=3 DEFAULT CHARSET=utf8 COMMENT='商品描述表';
/*!40101 SET character_set_client = @saved_cs_client */;

--
-- Dumping data for table `tb_express`
--

LOCK TABLES `tb_express` WRITE;
/*!40000 ALTER TABLE `tb_express` DISABLE KEYS */;
INSERT INTO `tb_express` VALUES (1,'京东快递',1,'2018-05-31 11:45:10',NULL),(2,'中通快递',2,NULL,NULL);
/*!40000 ALTER TABLE `tb_express` ENABLE KEYS */;
UNLOCK TABLES;

--
-- Table structure for table `tb_item`
--

DROP TABLE IF EXISTS `tb_item`;
/*!40101 SET @saved_cs_client     = @@character_set_client */;
/*!40101 SET character_set_client = utf8 */;
CREATE TABLE `tb_item` (
  `id` bigint(20) NOT NULL COMMENT '商品id，同时也是商品编号',
  `title` varchar(100) DEFAULT NULL COMMENT '商品标题',
  `sell_point` varchar(100) DEFAULT NULL COMMENT '商品卖点',
  `price` decimal(10,2) DEFAULT '0.00' COMMENT '商品价格',
  `num` int(11) DEFAULT NULL COMMENT '库存数量',
  `limit_num` int(11) DEFAULT NULL COMMENT '售卖数量限制',
  `image` varchar(2000) DEFAULT NULL COMMENT '商品图片',
  `cid` bigint(11) DEFAULT NULL COMMENT '所属分类',
  `status` int(1) DEFAULT '1' COMMENT '商品状态 1正常 0下架',
  `created` datetime DEFAULT NULL COMMENT '创建时间',
  `updated` datetime DEFAULT NULL COMMENT '更新时间',
  PRIMARY KEY (`id`),
  KEY `cid` (`cid`),
  KEY `status` (`status`),
  KEY `updated` (`updated`)
) ENGINE=InnoDB DEFAULT CHARSET=utf8 COMMENT='商品表';
/*!40101 SET character_set_client = @saved_cs_client */;

--
-- Dumping data for table `tb_item`
--

LOCK TABLES `tb_item` WRITE;
/*!40000 ALTER TABLE `tb_item` DISABLE KEYS */;
INSERT INTO `tb_item` VALUES (562379,'坚果 Pro 软胶保护套','TPU 环保材质、耐磨、耐油、耐久性强',49.00,999,100,'http://image.smartisanos.cn/resource/902befd5f32a8caf4ca79b55d39ee25a.jpg',560,1,'2017-09-05 21:27:54','2017-09-05 21:29:54'),(605616,'坚果 Pro 钢化玻璃保护膜（前屏用）','高达 92% 的超强透光率、耐刮花、防指纹',49.00,999,100,'http://image.smartisanos.cn/resource/30cacf4088f7105d16452c661afd9299.jpg',560,1,'2017-09-05 21:27:54','2017-09-05 21:29:54'),(679532,'Smartisan 原装快充充电器 18W','18W 安全快充、支持主流 QC3.0, MTK PE+2.0 快充协议',59.00,999,100,'http://image.smartisanos.cn/resource/dc53bd870ee64d2053ecc51750ece43a.jpg',560,1,'2017-09-05 21:27:54','2017-11-09 22:31:04'),(679533,'Smartisan 坚果自拍杆','通用 3.5 mm 接口、航空铝合金伸缩杆、防过敏硅胶手柄',69.00,999,100,'http://image.smartisanos.cn/resource/afe5728faa22f4b078b84d9c725c136d.jpg',560,1,'2017-09-05 21:27:54','2017-09-05 21:29:54'),(691300,'Smartisan 快充移动电源 10000mAh','10000mAh 双向快充、轻盈便携、高标准安全保护',199.00,999,100,'http://image.smartisanos.cn/resource/0540778097a009364f2dcbb8c5286451.jpg',560,1,'2017-09-05 21:27:54','2017-11-09 22:22:53'),(738388,'Smartisan 原装 Type-C 数据线','PTC 过温保护、凹形设计、TPE 环保材质',39.00,999,100,'http://image.smartisanos.cn/resource/c79a73ffc6f8e782160d978f49f543dc.jpg',560,1,'2017-09-05 21:27:54','2017-10-22 22:15:02'),(741524,'Smartisan S-100 半入耳式线控耳机','卓越的 14.2mm 发音单元、三按键式线控',99.00,999,100,'http://image.smartisanos.cn/resource/c98abe89b5a5502ef04c30e751b2bfef.png',560,1,'2017-09-05 21:27:54','2017-09-05 21:29:54'),(816448,'极米无屏电视 CC','720P 高清分辨率、JBL 音响、两万毫安续航力',2799.00,999,100,'http://image.smartisanos.cn/resource/41cb562a47d4831e199ed7e2057f3b61.jpg',560,1,'2017-09-05 21:27:54','2017-09-05 21:29:54'),(816753,'《索尼设计，塑造现代》','索尼全盛时期工业设计作品首次集结成书并引进中国',259.00,999,100,'http://image.smartisanos.cn/resource/f950d9c27ef21e17374fa212b40d66a9.jpg',76,1,'2017-09-05 21:27:54','2017-09-05 21:29:54'),(830972,'《深泽直人》','首次面向中国读者介绍其作品',199.00,999,100,'http://image.smartisanos.cn/resource/5e4e40120d09fb6791f9430f914c6f68.jpg',560,1,'2017-09-05 21:27:54','2017-09-05 21:29:54'),(832739,'FIIL CARAT 蓝牙运动耳机','智能计步、磁吸项链式、佩戴舒适不易掉',499.00,999,100,'http://image.smartisanos.cn/resource/61b4f3de01f00e57a664e648d6ea4721.jpg',560,1,'2017-09-05 21:27:54','2017-09-05 21:29:54'),(844022,'FIIL CARAT LITE 蓝牙运动耳机','线控带麦、IP65 防水、磁吸项链式',299.00,999,100,'http://image.smartisanos.cn/resource/62c1a6988de8071beef4203bedde5144.jpg',560,1,'2017-09-05 21:27:54','2017-09-05 21:29:54'),(847276,'FIIL Diva Pro 全场景无线降噪耳机','智能语音交互、高清无损本地存储播放',1499.00,999,100,'http://image.smartisanos.cn/resource/804b82e4c05516e822667a23ee311f7c.jpg',560,1,'2017-09-05 21:27:54','2018-04-20 22:18:11'),(856645,'三星 Galaxy S4 (I9500) 16G版 星空黑 联通3G手机','年货特价来袭！三星经典旗舰机！',1888.00,999,100,'https://i.loli.net/2018/07/13/5b48b58b511dc.jpg',560,0,'2017-09-05 21:27:54','2017-11-06 23:44:32'),(150635087972564,'支付测试商品 IPhone X 全面屏 全面绽放','此仅为支付测试商品 拍下不会发货',1.00,999,100,'https://i.loli.net/2018/07/13/5b48ac7766d98.png,https://i.loli.net/2018/07/13/5b48ac9135c5f.png,https://i.loli.net/2018/07/13/5b48ac9c2be6c.png,https://i.loli.net/2018/07/13/5b48aca99c8b6.png,https://i.loli.net/2018/07/13/5b48a7f468bf2.png',560,1,'2017-09-05 21:27:54','2018-07-13 21:59:05'),(150642571432835,'捐赠商品','您的捐赠将用于本站维护 给您带来更好的体验',1.00,999,100,'https://i.loli.net/2018/07/13/5b48a7f46be51.png,https://i.loli.net/2018/07/13/5b48a952de430.png',560,1,'2017-09-05 21:27:54','2018-07-13 21:38:52'),(150642571432836,'Smartisan T恤 伍迪·艾伦出生','一件内外兼修的舒适T恤',149.00,999,100,'https://resource.smartisan.com/resource/f96f0879768bc317b74e7cf9e3d96884.jpg,https://resource.smartisan.com/resource/095b46c25f9df5b13ee51f3e512d1e96.jpg,https://resource.smartisan.com/resource/0c9c397c8ac68a2ad327e1da8a5cb7d0.jpg,https://resource.smartisan.com/resource/154b35897ed3c1cb8dc1c7aae7b88f1f.jpg,https://resource.smartisan.com/resource/4a1686f2fde86e0aaac49c92395d4b32.jpg',1184,1,'2018-04-18 20:41:41','2018-04-20 00:21:01'),(150642571432837,'坚果 3 前屏钢化玻璃保护膜','超强透光率、耐刮花、防指纹',49.00,999,100,'https://resource.smartisan.com/resource/3a7522290397a9444d7355298248f197.jpg',560,1,'2018-04-19 00:34:06','2018-04-19 23:49:38'),(150642571432838,'坚果 3 绒布国旗保护套','质感精良、完美贴合、周到防护',79.00,999,100,'https://resource.smartisan.com/resource/63ea40e5c64db1c6b1d480c48fe01272.jpg,https://resource.smartisan.com/resource/4b8d00ab6ba508a977a475988e0fdb53.jpg,https://resource.smartisan.com/resource/87ea3888491d172b7d7a0e78e4294b4b.jpg,https://resource.smartisan.com/resource/8d30265188ddd1ba05e34f669c5dcf1c.jpg',560,1,'2018-04-19 00:35:50','2018-04-20 00:01:08'),(150642571432839,'坚果 3 TPU 软胶透明保护套','轻薄透明、完美贴合、TPU 环保材质',29.00,999,100,'https://resource.smartisan.com/resource/5e4b1feddb13639550849f12f6b2e202.jpg,https://resource.smartisan.com/resource/0477d8b177db197a0b09a18e116b2bca.jpg,https://resource.smartisan.com/resource/b66d7e832339cf240b13a9a91107abdc.jpg,https://resource.smartisan.com/resource/56db3c83cca697572fa8a1df2e3172d7.jpg',560,1,'2018-04-19 00:38:07','2018-04-20 00:02:54'),(150642571432840,'Smartisan 半入耳式耳机','经典配色、专业调音、高品质麦克风',89.00,999,100,'https://resource.smartisan.com/resource/9c1d958f10a811df841298d50e1ca7c0.jpg,https://resource.smartisan.com/resource/afa4ecdb54d7f50d0b6265bbcf31d6c8.jpg,https://resource.smartisan.com/resource/eb1bf1dee365c7855e6b047d8b9c5b1e.jpg,https://resource.smartisan.com/resource/dfcc9fa16ab354a41683959398bff128.jpg',560,1,'2018-04-19 00:40:40','2018-04-20 00:04:41'),(150642571432841,'坚果 3 TPU 软胶保护套','TPU 环保材质、完美贴合、周到防护',49.00,999,100,'https://resource.smartisan.com/resource/b899d9b82c4bc2710492a26af021d484.jpg,https://resource.smartisan.com/resource/bb8859032d6060ccb4e733a2c8e2f51d.jpg,https://resource.smartisan.com/resource/df5b3d3539481eb1c00333a5bc5b60b6.jpg',560,1,'2018-04-19 00:43:48','2018-04-20 00:06:58'),(150642571432842,'坚果 3 \"足迹\"背贴 乐高创始人出生','1891 年 4 月 7 日',79.00,999,100,'https://resource.smartisan.com/resource/abb6986430536cd9365352b434f3c568.jpg',560,1,'2018-04-19 00:45:14','2018-04-20 00:08:21'),(150642571432843,'坚果 3','漂亮得不像实力派',1999.00,999,100,'https://resource.smartisan.com/resource/718bcecced0df1cd23bbdb9cc1f70b7d.png',560,1,'2018-04-19 22:13:31','2018-07-13 22:03:52'),(150642571432844,'畅呼吸智能空气净化器超级除甲醛版','购新空净 赠价值 699 元活性炭滤芯',2999.00,999,100,'https://resource.smartisan.com/resource/71432ad30288fb860a4389881069b874.png',560,1,'2018-04-19 22:16:05','2018-07-13 22:06:58'),(150642571432845,'Smartisan 帆布鞋','一双踏实、舒适的帆布鞋',199.00,999,100,'https://resource.smartisan.com/resource/2f9a0f5f3dedf0ed813622003f1b287b.jpg,https://resource.smartisan.com/resource/0cd8f107c70d002caf902745355e269a.jpg,https://resource.smartisan.com/resource/fa42dcd439e9fb990831f1d21c3f19b8.jpg',1184,1,'2018-04-19 22:22:02','2018-04-20 00:19:39'),(150642571432846,'Smartisan T恤 任天堂发售“红白机”','100% 美国 SUPIMA 棉、舒适拉绒质地',149.00,999,100,'https://resource.smartisan.com/resource/804edf579887b3e1fae4e20a379be5b5.png,https://resource.smartisan.com/resource/6a92fe5ab90b379d5315c0ee2610f467.png,https://resource.smartisan.com/resource/76c811504b910e04c448dda8d47a09c3.png',1184,1,'2018-04-19 22:23:39','2018-04-20 00:23:09'),(150642571432847,'Smartisan Polo衫 经典款','一件表里如一的舒适 POLO 衫',249.00,999,100,'https://resource.smartisan.com/resource/daa975651d6d700c0f886718c520ee19.jpg,https://resource.smartisan.com/resource/8b4884f04835f8de3c33817732fdcb46.jpg,https://resource.smartisan.com/resource/057f6010d6cb7afc964f812093742283.jpg,https://resource.smartisan.com/resource/3cc4b5a1e0a6136eb9725a88d6c1d3be.jpg,https://resource.smartisan.com/resource/f35c053b87dd0e1255be2a8bfa773232.jpg',1184,1,'2018-04-19 22:25:41','2018-04-20 10:51:53'),(150642571432848,'Smartisan 牛津纺衬衫','一件无拘无束的舒适衬衫',199.00,999,100,'https://resource.smartisan.com/resource/a1c53b5f12dd7ef790cadec0eaeaf466.jpg,https://resource.smartisan.com/resource/dccec50aa1480c23a6d62648d2271c0a.jpg,https://resource.smartisan.com/resource/28c798c14b3cc9cfe7100567df6e5999.jpg,https://resource.smartisan.com/resource/da87105789046c13412f6f6a32032df7.jpg,https://resource.smartisan.com/resource/cf9704df83dc6d6ff5404da154388a58.jpg',1184,1,'2018-04-19 22:28:11','2018-04-20 10:53:15'),(150642571432849,'Smartisan 明信片','优质卡纸、包装精致、色彩饱满',9.90,999,100,'https://resource.smartisan.com/resource/3973d009d182d8023bea6250b9a3959e.jpg,https://resource.smartisan.com/resource/1901bf9f58d83978353cf1ec58442cc6.jpg,https://resource.smartisan.com/resource/4e0b690102858fc3013ea650fb1e1a8e.jpg,https://resource.smartisan.com/resource/51765f60367d6e40e4ae6f2b9ce46a91.jpg,https://resource.smartisan.com/resource/5108b5e7448c14e5241b60ba41fafc8e.jpg',1184,1,'2018-04-19 22:31:09','2018-04-21 11:26:31'),(150642571432850,'ACIL E1 颈挂式蓝牙耳机','无感佩戴，一切变得简单',199.00,999,100,'https://resource.smartisan.com/resource/406eddef8808fa5a9be9594d07ef8643.jpg,https://resource.smartisan.com/resource/548de41c48d47232b4ed541c1df57c2f.jpg,https://resource.smartisan.com/resource/aee0949bc33654bc18cedb8cd7dfbcff.jpg',560,1,'2018-04-19 22:32:38','2018-04-20 11:17:31'),(150642571432851,'优点智能 E1 推拉式智能指纹密码锁','推拉一下，轻松开关',2699.00,999,100,'https://resource.smartisan.com/resource/7ac3af5a92ad791c2b38bfe1e38ee334.jpg,https://resource.smartisan.com/resource/e37029b8cd3194ad9581de0ee6512acb.jpg,https://resource.smartisan.com/resource/1501eaf68c9771e5599eec45a5f6320a.jpg,https://resource.smartisan.com/resource/a8c6a41637041c576aaa2a5162d2ab56.jpg,https://resource.smartisan.com/resource/3934e0c458922c0049d311b84ddb73e0.jpg',560,1,'2018-04-19 22:36:50','2018-04-20 00:13:44'),(150642571432852,'FIIL Driifter 脖挂蓝牙耳机','全天佩戴 抬手就听 HEAC稳连技术',499.00,999,100,'https://resource.smartisan.com/resource/367d93db1d58f9f3505bc0ec18efaa44.jpg,https://resource.smartisan.com/resource/8ecc94c0f0c4ebc861f06c86789a66e6.jpg,https://resource.smartisan.com/resource/58a2cdb44f722202b05dd09d6fd959de.jpg,https://resource.smartisan.com/resource/2b811a93a2915310f72291e46bd944ad.jpg,https://resource.smartisan.com/resource/8cd011adef99f9734ed974ea9732e6e7.jpg',560,1,'2018-06-02 19:43:12','2019-03-29 22:47:14');
/*!40000 ALTER TABLE `tb_item` ENABLE KEYS */;
UNLOCK TABLES;

--
-- Table structure for table `tb_item_cat`
--

DROP TABLE IF EXISTS `tb_item_cat`;
/*!40101 SET @saved_cs_client     = @@character_set_client */;
/*!40101 SET character_set_client = utf8 */;
CREATE TABLE `tb_item_cat` (
  `id` bigint(20) NOT NULL AUTO_INCREMENT COMMENT '类目ID',
  `parent_id` bigint(20) DEFAULT NULL COMMENT '父分类ID=0时代表一级根分类',
  `name` varchar(50) DEFAULT NULL COMMENT '分类名称',
  `status` int(1) DEFAULT '1' COMMENT '状态 1启用 0禁用',
  `sort_order` int(4) DEFAULT NULL COMMENT '排列序号',
  `is_parent` tinyint(1) DEFAULT '1' COMMENT '是否为父分类 1为true 0为false',
  `icon` varchar(255) DEFAULT NULL COMMENT '图标',
  `remark` varchar(255) DEFAULT NULL COMMENT '备注',
  `created` datetime DEFAULT NULL COMMENT '创建时间',
  `updated` datetime DEFAULT NULL COMMENT '更新时间',
  PRIMARY KEY (`id`),
  KEY `parent_id` (`parent_id`,`status`) USING BTREE,
  KEY `sort_order` (`sort_order`)
) ENGINE=InnoDB AUTO_INCREMENT=1183 DEFAULT CHARSET=utf8 COMMENT='商品类目';
/*!40101 SET character_set_client = @saved_cs_client */;

--
-- Dumping data for table `tb_item_cat`
--

LOCK TABLES `tb_item_cat` WRITE;
/*!40000 ALTER TABLE `tb_item_cat` DISABLE KEYS */;
INSERT INTO `tb_item_cat` VALUES (-1,0,'所有商品',1,0,0,NULL,'不建议修改','2017-09-24 11:10:45','2017-11-06 23:24:33'),(1,0,'图书、音像、电子书刊',1,19,1,NULL,'','2014-10-15 18:31:55','2017-09-24 15:50:47'),(2,1,'电子书刊',1,1,1,NULL,NULL,'2014-10-15 18:31:55','2014-10-15 18:31:55'),(3,2,'电子书',1,1,0,NULL,NULL,'2014-10-15 18:31:55','2014-10-15 18:31:55'),(4,2,'网络原创',1,2,0,NULL,NULL,'2014-10-15 18:31:55','2014-10-15 18:31:55'),(5,2,'数字杂志',1,3,0,NULL,NULL,'2014-10-15 18:31:55','2014-10-15 18:31:55'),(6,2,'多媒体图书',1,4,0,NULL,NULL,'2014-10-15 18:31:55','2014-10-15 18:31:55'),(7,1,'音像',1,2,1,NULL,NULL,'2014-10-15 18:31:55','2014-10-15 18:31:55'),(8,7,'音乐',1,1,0,NULL,NULL,'2014-10-15 18:31:55','2014-10-15 18:31:55'),(9,7,'影视',1,2,0,NULL,NULL,'2014-10-15 18:31:55','2014-10-15 18:31:55'),(10,7,'教育音像',1,3,0,NULL,NULL,'2014-10-15 18:31:55','2014-10-15 18:31:55'),(11,1,'英文原版',1,3,1,NULL,NULL,'2014-10-15 18:31:55','2014-10-15 18:31:55'),(12,11,'少儿',1,1,0,NULL,NULL,'2014-10-15 18:31:55','2014-10-15 18:31:55'),(13,11,'商务投资',1,2,0,NULL,NULL,'2014-10-15 18:31:55','2014-10-15 18:31:55'),(14,11,'英语学习与考试',1,3,0,NULL,NULL,'2014-10-15 18:31:55','2014-10-15 18:31:55'),(15,11,'小说',1,4,0,NULL,NULL,'2014-10-15 18:31:55','2014-10-15 18:31:55'),(16,11,'传记',1,5,0,NULL,NULL,'2014-10-15 18:31:55','2014-10-15 18:31:55'),(17,11,'励志',1,6,0,NULL,NULL,'2014-10-15 18:31:55','2014-10-15 18:31:55'),(18,1,'文艺',1,4,1,NULL,NULL,'2014-10-15 18:31:55','2014-10-15 18:31:55'),(19,18,'小说',1,1,0,NULL,NULL,'2014-10-15 18:31:55','2014-10-15 18:31:55'),(20,18,'文学',1,2,0,NULL,NULL,'2014-10-15 18:31:55','2014-10-15 18:31:55'),(21,18,'青春文学',1,3,0,NULL,NULL,'2014-10-15 18:31:55','2014-10-15 18:31:55'),(22,18,'传记',1,4,0,NULL,NULL,'2014-10-15 18:31:55','2014-10-15 18:31:55'),(23,18,'艺术',1,5,0,NULL,NULL,'2014-10-15 18:31:55','2014-10-15 18:31:55'),(24,1,'少儿',1,5,1,NULL,NULL,'2014-10-15 18:31:55','2014-10-15 18:31:55'),(25,24,'少儿',1,1,0,NULL,NULL,'2014-10-15 18:31:55','2014-10-15 18:31:55'),(26,24,'0-2岁',1,2,0,NULL,NULL,'2014-10-15 18:31:55','2014-10-15 18:31:55'),(27,24,'3-6岁',1,3,0,NULL,NULL,'2014-10-15 18:31:55','2014-10-15 18:31:55'),(28,24,'7-10岁',1,4,0,NULL,NULL,'2014-10-15 18:31:55','2014-10-15 18:31:55'),(29,24,'11-14岁',1,5,0,NULL,NULL,'2014-10-15 18:31:55','2014-10-15 18:31:55'),(30,1,'人文社科',1,6,1,NULL,NULL,'2014-10-15 18:31:55','2014-10-15 18:31:55'),(31,30,'历史',1,1,0,NULL,NULL,'2014-10-15 18:31:55','2014-10-15 18:31:55'),(32,30,'哲学',1,2,0,NULL,NULL,'2014-10-15 18:31:55','2014-10-15 18:31:55'),(33,30,'国学',1,3,0,NULL,NULL,'2014-10-15 18:31:55','2014-10-15 18:31:55'),(34,30,'政治/军事',1,4,0,NULL,NULL,'2014-10-15 18:31:55','2014-10-15 18:31:55'),(35,30,'法律',1,5,0,NULL,NULL,'2014-10-15 18:31:55','2014-10-15 18:31:55'),(36,30,'宗教',1,6,0,NULL,NULL,'2014-10-15 18:31:55','2014-10-15 18:31:55'),(37,30,'心理学',1,7,0,NULL,NULL,'2014-10-15 18:31:55','2014-10-15 18:31:55'),(38,30,'文化',1,8,0,NULL,NULL,'2014-10-15 18:31:55','2014-10-15 18:31:55'),(39,30,'社会科学',1,9,0,NULL,NULL,'2014-10-15 18:31:55','2014-10-15 18:31:55'),(40,1,'经管励志',1,7,1,NULL,NULL,'2014-10-15 18:31:55','2014-10-15 18:31:55'),(41,40,'经济',1,1,0,NULL,NULL,'2014-10-15 18:31:55','2014-10-15 18:31:55'),(42,40,'金融与投资',1,2,0,NULL,NULL,'2014-10-15 18:31:55','2014-10-15 18:31:55'),(43,40,'管理',1,3,0,NULL,NULL,'2014-10-15 18:31:55','2014-10-15 18:31:55'),(44,40,'励志与成功',1,4,0,NULL,NULL,'2014-10-15 18:31:55','2014-10-15 18:31:55'),(45,1,'生活',1,8,1,NULL,NULL,'2014-10-15 18:31:55','2014-10-15 18:31:55'),(46,45,'生活',1,1,0,NULL,NULL,'2014-10-15 18:31:55','2014-10-15 18:31:55'),(47,45,'健身与保健',1,2,0,NULL,NULL,'2014-10-15 18:31:55','2014-10-15 18:31:55'),(48,45,'家庭与育儿',1,3,0,NULL,NULL,'2014-10-15 18:31:55','2014-10-15 18:31:55'),(49,45,'旅游',1,4,0,NULL,NULL,'2014-10-15 18:31:55','2014-10-15 18:31:55'),(50,45,'动漫/幽默',1,5,0,NULL,NULL,'2014-10-15 18:31:55','2014-10-15 18:31:55'),(51,1,'科技',1,9,1,NULL,NULL,'2014-10-15 18:31:55','2014-10-15 18:31:55'),(52,51,'科技',1,1,0,NULL,NULL,'2014-10-15 18:31:55','2014-10-15 18:31:55'),(53,51,'工程',1,2,0,NULL,NULL,'2014-10-15 18:31:55','2014-10-15 18:31:55'),(54,51,'建筑',1,3,0,NULL,NULL,'2014-10-15 18:31:55','2014-10-15 18:31:55'),(55,51,'医学',1,4,0,NULL,NULL,'2014-10-15 18:31:55','2014-10-15 18:31:55'),(56,51,'科学与自然',1,5,0,NULL,NULL,'2014-10-15 18:31:55','2014-10-15 18:31:55'),(57,51,'计算机与互联网',1,6,0,NULL,NULL,'2014-10-15 18:31:55','2014-10-15 18:31:55'),(58,51,'体育/运动',1,7,0,NULL,NULL,'2014-10-15 18:31:55','2014-10-15 18:31:55'),(59,1,'教育',1,10,1,NULL,NULL,'2014-10-15 18:31:55','2014-10-15 18:31:55'),(60,59,'教材教辅',1,1,0,NULL,NULL,'2014-10-15 18:31:55','2014-10-15 18:31:55'),(61,59,'教育与考试',1,2,0,NULL,NULL,'2014-10-15 18:31:55','2014-10-15 18:31:55'),(62,59,'外语学习',1,3,0,NULL,NULL,'2014-10-15 18:31:55','2014-10-15 18:31:55'),(63,59,'新闻出版',1,4,0,NULL,NULL,'2014-10-15 18:31:55','2014-10-15 18:31:55'),(64,59,'语言文字',1,5,0,NULL,NULL,'2014-10-15 18:31:55','2014-10-15 18:31:55'),(65,1,'港台图书',1,11,1,NULL,NULL,'2014-10-15 18:31:55','2014-10-15 18:31:55'),(66,65,'艺术/设计/收藏',1,1,0,NULL,NULL,'2014-10-15 18:31:55','2014-10-15 18:31:55'),(67,65,'经济管理',1,2,0,NULL,NULL,'2014-10-15 18:31:55','2014-10-15 18:31:55'),(68,65,'文化/学术',1,3,0,NULL,NULL,'2014-10-15 18:31:55','2014-10-15 18:31:55'),(69,65,'少儿文学/国学',1,4,0,NULL,NULL,'2014-10-15 18:31:55','2014-10-15 18:31:55'),(70,1,'其它',1,12,1,NULL,NULL,'2014-10-15 18:31:55','2014-10-15 18:31:55'),(71,70,'工具书',1,1,0,NULL,NULL,'2014-10-15 18:31:55','2014-10-15 18:31:55'),(72,70,'影印版',1,2,0,NULL,NULL,'2014-10-15 18:31:55','2014-10-15 18:31:55'),(73,70,'套装书',1,3,0,NULL,NULL,'2014-10-15 18:31:55','2014-10-15 18:31:55'),(74,0,'家用电器',1,2,1,NULL,NULL,'2014-10-15 18:31:55','2014-10-15 18:31:55'),(75,74,'大 家 电',1,1,1,NULL,NULL,'2014-10-15 18:31:55','2014-10-15 18:31:55'),(76,75,'平板电视',1,1,0,NULL,'','2014-10-15 18:31:55','2017-11-06 23:44:12'),(77,75,'空调',1,2,0,NULL,NULL,'2014-10-15 18:31:55','2014-10-15 18:31:55'),(78,75,'冰箱',1,3,0,NULL,NULL,'2014-10-15 18:31:55','2014-10-15 18:31:55'),(79,75,'洗衣机',1,4,0,NULL,NULL,'2014-10-15 18:31:55','2014-10-15 18:31:55'),(80,75,'家庭影院',1,5,0,NULL,NULL,'2014-10-15 18:31:55','2014-10-15 18:31:55'),(81,75,'DVD播放机',1,6,0,NULL,NULL,'2014-10-15 18:31:55','2014-10-15 18:31:55'),(82,75,'迷你音响',1,7,0,NULL,NULL,'2014-10-15 18:31:55','2014-10-15 18:31:55'),(83,75,'烟机/灶具',1,8,0,NULL,NULL,'2014-10-15 18:31:55','2014-10-15 18:31:55'),(84,75,'热水器',1,9,0,NULL,NULL,'2014-10-15 18:31:55','2014-10-15 18:31:55'),(85,75,'消毒柜/洗碗机',1,10,0,NULL,NULL,'2014-10-15 18:31:55','2014-10-15 18:31:55'),(86,75,'酒柜/冰吧/冷柜',1,11,0,NULL,NULL,'2014-10-15 18:31:55','2014-10-15 18:31:55'),(87,75,'家电配件',1,12,0,NULL,NULL,'2014-10-15 18:31:55','2014-10-15 18:31:55'),(88,75,'家电下乡',1,13,0,NULL,NULL,'2014-10-15 18:31:55','2014-10-15 18:31:55'),(89,74,'生活电器',1,2,1,NULL,NULL,'2014-10-15 18:31:55','2014-10-15 18:31:55'),(90,89,'电风扇',1,1,0,NULL,NULL,'2014-10-15 18:31:55','2014-10-15 18:31:55'),(91,89,'冷风扇',1,2,0,NULL,NULL,'2014-10-15 18:31:55','2014-10-15 18:31:55'),(92,89,'净化器',1,3,0,NULL,NULL,'2014-10-15 18:31:55','2014-10-15 18:31:55'),(93,89,'饮水机',1,4,0,NULL,NULL,'2014-10-15 18:31:55','2014-10-15 18:31:55'),(94,89,'净水设备',1,5,0,NULL,NULL,'2014-10-15 18:31:55','2014-10-15 18:31:55'),(95,89,'挂烫机/熨斗',1,6,0,NULL,NULL,'2014-10-15 18:31:55','2014-10-15 18:31:55'),(96,89,'吸尘器',1,7,0,NULL,NULL,'2014-10-15 18:31:55','2014-10-15 18:31:55'),(97,89,'电话机',1,8,0,NULL,NULL,'2014-10-15 18:31:55','2014-10-15 18:31:55'),(98,89,'插座',1,9,0,NULL,NULL,'2014-10-15 18:31:55','2014-10-15 18:31:55'),(99,89,'收录/音机',1,10,0,NULL,NULL,'2014-10-15 18:31:55','2014-10-15 18:31:55'),(100,89,'清洁机',1,11,0,NULL,NULL,'2014-10-15 18:31:55','2014-10-15 18:31:55'),(101,89,'加湿器',1,12,0,NULL,NULL,'2014-10-15 18:31:55','2014-10-15 18:31:55'),(102,89,'除湿机',1,13,0,NULL,NULL,'2014-10-15 18:31:55','2014-10-15 18:31:55'),(103,89,'取暖电器',1,14,0,NULL,NULL,'2014-10-15 18:31:55','2014-10-15 18:31:55'),(104,89,'其它生活电器',1,15,0,NULL,NULL,'2014-10-15 18:31:55','2014-10-15 18:31:55'),(105,89,'扫地机器人',1,16,0,NULL,NULL,'2014-10-15 18:31:55','2014-10-15 18:31:55'),(106,89,'干衣机',1,17,0,NULL,NULL,'2014-10-15 18:31:55','2014-10-15 18:31:55'),(107,89,'生活电器配件',1,18,0,NULL,NULL,'2014-10-15 18:31:55','2014-10-15 18:31:55'),(108,74,'厨房电器',1,3,1,NULL,NULL,'2014-10-15 18:31:55','2014-10-15 18:31:55'),(109,108,'料理/榨汁机',1,1,0,NULL,NULL,'2014-10-15 18:31:55','2014-10-15 18:31:55'),(110,108,'豆浆机',1,2,0,NULL,NULL,'2014-10-15 18:31:55','2014-10-15 18:31:55'),(111,108,'电饭煲',1,3,0,NULL,NULL,'2014-10-15 18:31:55','2014-10-15 18:31:55'),(112,108,'电压力锅',1,4,0,NULL,NULL,'2014-10-15 18:31:55','2014-10-15 18:31:55'),(113,108,'面包机',1,5,0,NULL,NULL,'2014-10-15 18:31:55','2014-10-15 18:31:55'),(114,108,'咖啡机',1,6,0,NULL,NULL,'2014-10-15 18:31:55','2014-10-15 18:31:55'),(115,108,'微波炉',1,7,0,NULL,NULL,'2014-10-15 18:31:55','2014-10-15 18:31:55'),(116,108,'电烤箱',1,8,0,NULL,NULL,'2014-10-15 18:31:55','2014-10-15 18:31:55'),(117,108,'电磁炉',1,9,0,NULL,NULL,'2014-10-15 18:31:55','2014-10-15 18:31:55'),(118,108,'电饼铛/烧烤盘',1,10,0,NULL,NULL,'2014-10-15 18:31:55','2014-10-15 18:31:55'),(119,108,'煮蛋器',1,11,0,NULL,NULL,'2014-10-15 18:31:55','2014-10-15 18:31:55'),(120,108,'酸奶机',1,12,0,NULL,NULL,'2014-10-15 18:31:55','2014-10-15 18:31:55'),(121,108,'电炖锅',1,13,0,NULL,NULL,'2014-10-15 18:31:55','2014-10-15 18:31:55'),(122,108,'电水壶/热水瓶',1,14,0,NULL,NULL,'2014-10-15 18:31:55','2014-10-15 18:31:55'),(123,108,'多用途锅',1,15,0,NULL,NULL,'2014-10-15 18:31:55','2014-10-15 18:31:55'),(124,108,'果蔬解毒机',1,16,0,NULL,NULL,'2014-10-15 18:31:55','2014-10-15 18:31:55'),(125,108,'其它厨房电器',1,17,0,NULL,NULL,'2014-10-15 18:31:55','2014-10-15 18:31:55'),(126,74,'个护健康',1,4,1,NULL,NULL,'2014-10-15 18:31:55','2014-10-15 18:31:55'),(127,126,'剃须刀',1,1,0,NULL,NULL,'2014-10-15 18:31:55','2014-10-15 18:31:55'),(128,126,'剃/脱毛器',1,2,0,NULL,NULL,'2014-10-15 18:31:55','2014-10-15 18:31:55'),(129,126,'口腔护理',1,3,0,NULL,NULL,'2014-10-15 18:31:55','2014-10-15 18:31:55'),(130,126,'电吹风',1,4,0,NULL,NULL,'2014-10-15 18:31:55','2014-10-15 18:31:55'),(131,126,'美容器',1,5,0,NULL,NULL,'2014-10-15 18:31:55','2014-10-15 18:31:55'),(132,126,'美发器',1,6,0,NULL,NULL,'2014-10-15 18:31:55','2014-10-15 18:31:55'),(133,126,'按摩椅',1,7,0,NULL,NULL,'2014-10-15 18:31:55','2014-10-15 18:31:55'),(134,126,'按摩器',1,8,0,NULL,NULL,'2014-10-15 18:31:55','2014-10-15 18:31:55'),(135,126,'足浴盆',1,9,0,NULL,NULL,'2014-10-15 18:31:55','2014-10-15 18:31:55'),(136,126,'血压计',1,10,0,NULL,NULL,'2014-10-15 18:31:55','2014-10-15 18:31:55'),(137,126,'健康秤/厨房秤',1,11,0,NULL,NULL,'2014-10-15 18:31:55','2014-10-15 18:31:55'),(138,126,'血糖仪',1,12,0,NULL,NULL,'2014-10-15 18:31:55','2014-10-15 18:31:55'),(139,126,'体温计',1,13,0,NULL,NULL,'2014-10-15 18:31:55','2014-10-15 18:31:55'),(140,126,'计步器/脂肪检测仪',1,14,0,NULL,NULL,'2014-10-15 18:31:55','2014-10-15 18:31:55'),(141,126,'其它健康电器',1,15,0,NULL,NULL,'2014-10-15 18:31:55','2014-10-15 18:31:55'),(142,74,'五金家装',1,5,1,NULL,NULL,'2014-10-15 18:31:55','2014-10-15 18:31:55'),(143,142,'电动工具',1,1,0,NULL,NULL,'2014-10-15 18:31:55','2014-10-15 18:31:55'),(144,142,'手动工具',1,2,0,NULL,NULL,'2014-10-15 18:31:55','2014-10-15 18:31:55'),(145,142,'仪器仪表',1,3,0,NULL,NULL,'2014-10-15 18:31:55','2014-10-15 18:31:55'),(146,142,'浴霸/排气扇',1,4,0,NULL,NULL,'2014-10-15 18:31:55','2014-10-15 18:31:55'),(147,142,'灯具',1,5,0,NULL,NULL,'2014-10-15 18:31:55','2014-10-15 18:31:55'),(148,142,'LED灯',1,6,0,NULL,NULL,'2014-10-15 18:31:55','2014-10-15 18:31:55'),(149,142,'洁身器',1,7,0,NULL,NULL,'2014-10-15 18:31:55','2014-10-15 18:31:55'),(150,142,'水槽',1,8,0,NULL,NULL,'2014-10-15 18:31:55','2014-10-15 18:31:55'),(151,142,'龙头',1,9,0,NULL,NULL,'2014-10-15 18:31:55','2014-10-15 18:31:55'),(152,142,'淋浴花洒',1,10,0,NULL,NULL,'2014-10-15 18:31:55','2014-10-15 18:31:55'),(153,142,'厨卫五金',1,11,0,NULL,NULL,'2014-10-15 18:31:55','2014-10-15 18:31:55'),(154,142,'家具五金',1,12,0,NULL,NULL,'2014-10-15 18:31:55','2014-10-15 18:31:55'),(155,142,'门铃',1,13,0,NULL,NULL,'2014-10-15 18:31:55','2014-10-15 18:31:55'),(156,142,'电气开关',1,14,0,NULL,NULL,'2014-10-15 18:31:55','2014-10-15 18:31:55'),(157,142,'插座',1,15,0,NULL,NULL,'2014-10-15 18:31:55','2014-10-15 18:31:55'),(158,142,'电工电料',1,16,0,NULL,NULL,'2014-10-15 18:31:55','2014-10-15 18:31:55'),(159,142,'监控安防',1,17,0,NULL,NULL,'2014-10-15 18:31:55','2014-10-15 18:31:55'),(160,142,'电线/线缆',1,18,0,NULL,NULL,'2014-10-15 18:31:55','2014-10-15 18:31:55'),(161,0,'电脑、办公',1,3,1,NULL,NULL,'2014-10-15 18:31:55','2014-10-15 18:31:55'),(162,161,'电脑整机',1,1,1,NULL,NULL,'2014-10-15 18:31:55','2014-10-15 18:31:55'),(163,162,'笔记本',1,1,0,NULL,NULL,'2014-10-15 18:31:55','2014-10-15 18:31:55'),(164,162,'超极本',1,2,0,NULL,NULL,'2014-10-15 18:31:55','2014-10-15 18:31:55'),(165,162,'游戏本',1,3,0,NULL,NULL,'2014-10-15 18:31:55','2014-10-15 18:31:55'),(166,162,'平板电脑',1,4,0,NULL,NULL,'2014-10-15 18:31:55','2014-10-15 18:31:55'),(167,162,'平板电脑配件',1,5,0,NULL,NULL,'2014-10-15 18:31:55','2014-10-15 18:31:55'),(168,162,'台式机',1,6,0,NULL,NULL,'2014-10-15 18:31:55','2014-10-15 18:31:55'),(169,162,'服务器/工作站',1,7,0,NULL,NULL,'2014-10-15 18:31:55','2014-10-15 18:31:55'),(170,162,'笔记本配件',1,8,0,NULL,NULL,'2014-10-15 18:31:55','2014-10-15 18:31:55'),(171,161,'电脑配件',1,2,1,NULL,NULL,'2014-10-15 18:31:55','2014-10-15 18:31:55'),(172,171,'CPU',1,1,0,NULL,NULL,'2014-10-15 18:31:55','2014-10-15 18:31:55'),(173,171,'主板',1,2,0,NULL,NULL,'2014-10-15 18:31:55','2014-10-15 18:31:55'),(174,171,'显卡',1,3,0,NULL,NULL,'2014-10-15 18:31:55','2014-10-15 18:31:55'),(175,171,'硬盘',1,4,0,NULL,NULL,'2014-10-15 18:31:55','2014-10-15 18:31:55'),(176,171,'SSD固态硬盘',1,5,0,NULL,NULL,'2014-10-15 18:31:55','2014-10-15 18:31:55'),(177,171,'内存',1,6,0,NULL,NULL,'2014-10-15 18:31:55','2014-10-15 18:31:55'),(178,171,'机箱',1,7,0,NULL,NULL,'2014-10-15 18:31:55','2014-10-15 18:31:55'),(179,171,'电源',1,8,0,NULL,NULL,'2014-10-15 18:31:55','2014-10-15 18:31:55'),(180,171,'显示器',1,9,0,NULL,NULL,'2014-10-15 18:31:55','2014-10-15 18:31:55'),(181,171,'刻录机/光驱',1,10,0,NULL,NULL,'2014-10-15 18:31:55','2014-10-15 18:31:55'),(182,171,'散热器',1,11,0,NULL,NULL,'2014-10-15 18:31:55','2014-10-15 18:31:55'),(183,171,'声卡/扩展卡',1,12,0,NULL,NULL,'2014-10-15 18:31:55','2014-10-15 18:31:55'),(184,171,'装机配件',1,13,0,NULL,NULL,'2014-10-15 18:31:55','2014-10-15 18:31:55'),(185,171,'组装电脑',1,14,0,NULL,NULL,'2014-10-15 18:31:55','2014-10-15 18:31:55'),(186,161,'外设产品',1,3,1,NULL,NULL,'2014-10-15 18:31:55','2014-10-15 18:31:55'),(187,186,'移动硬盘',1,1,0,NULL,NULL,'2014-10-15 18:31:55','2014-10-15 18:31:55'),(188,186,'U盘',1,2,0,NULL,NULL,'2014-10-15 18:31:55','2014-10-15 18:31:55'),(189,186,'鼠标',1,3,0,NULL,NULL,'2014-10-15 18:31:55','2014-10-15 18:31:55'),(190,186,'键盘',1,4,0,NULL,NULL,'2014-10-15 18:31:55','2014-10-15 18:31:55'),(191,186,'鼠标垫',1,5,0,NULL,NULL,'2014-10-15 18:31:55','2014-10-15 18:31:55'),(192,186,'摄像头',1,6,0,NULL,NULL,'2014-10-15 18:31:55','2014-10-15 18:31:55'),(193,186,'手写板',1,7,0,NULL,NULL,'2014-10-15 18:31:55','2014-10-15 18:31:55'),(194,186,'外置盒',1,8,0,NULL,NULL,'2014-10-15 18:31:55','2014-10-15 18:31:55'),(195,186,'插座',1,9,0,NULL,NULL,'2014-10-15 18:31:55','2014-10-15 18:31:55'),(196,186,'线缆',1,10,0,NULL,NULL,'2014-10-15 18:31:55','2014-10-15 18:31:55'),(197,186,'UPS电源',1,11,0,NULL,NULL,'2014-10-15 18:31:55','2014-10-15 18:31:55'),(198,186,'电脑工具',1,12,0,NULL,NULL,'2014-10-15 18:31:55','2014-10-15 18:31:55'),(199,186,'游戏设备',1,13,0,NULL,NULL,'2014-10-15 18:31:55','2014-10-15 18:31:55'),(200,186,'电玩',1,14,0,NULL,NULL,'2014-10-15 18:31:55','2014-10-15 18:31:55'),(201,186,'电脑清洁',1,15,0,NULL,NULL,'2014-10-15 18:31:55','2014-10-15 18:31:55'),(202,161,'网络产品',1,4,1,NULL,NULL,'2014-10-15 18:31:55','2014-10-15 18:31:55'),(203,202,'路由器',1,1,0,NULL,NULL,'2014-10-15 18:31:55','2014-10-15 18:31:55'),(204,202,'网卡',1,2,0,NULL,NULL,'2014-10-15 18:31:55','2014-10-15 18:31:55'),(205,202,'交换机',1,3,0,NULL,NULL,'2014-10-15 18:31:55','2014-10-15 18:31:55'),(206,202,'网络存储',1,4,0,NULL,NULL,'2014-10-15 18:31:55','2014-10-15 18:31:55'),(207,202,'4G/3G上网',1,5,0,NULL,NULL,'2014-10-15 18:31:55','2014-10-15 18:31:55'),(208,202,'网络盒子',1,6,0,NULL,NULL,'2014-10-15 18:31:55','2014-10-15 18:31:55'),(209,202,'网络配件',1,7,0,NULL,NULL,'2014-10-15 18:31:55','2014-10-15 18:31:55'),(210,161,'办公设备',1,5,1,NULL,NULL,'2014-10-15 18:31:55','2014-10-15 18:31:55'),(211,210,'投影机',1,1,0,NULL,NULL,'2014-10-15 18:31:55','2014-10-15 18:31:55'),(212,210,'投影配件',1,2,0,NULL,NULL,'2014-10-15 18:31:55','2014-10-15 18:31:55'),(213,210,'多功能一体机',1,3,0,NULL,NULL,'2014-10-15 18:31:55','2014-10-15 18:31:55'),(214,210,'打印机',1,4,0,NULL,NULL,'2014-10-15 18:31:55','2014-10-15 18:31:55'),(215,210,'传真设备',1,5,0,NULL,NULL,'2014-10-15 18:31:55','2014-10-15 18:31:55'),(216,210,'验钞/点钞机',1,6,0,NULL,NULL,'2014-10-15 18:31:55','2014-10-15 18:31:55'),(217,210,'扫描设备',1,7,0,NULL,NULL,'2014-10-15 18:31:55','2014-10-15 18:31:55'),(218,210,'复合机',1,8,0,NULL,NULL,'2014-10-15 18:31:55','2014-10-15 18:31:55'),(219,210,'碎纸机',1,9,0,NULL,NULL,'2014-10-15 18:31:55','2014-10-15 18:31:55'),(220,210,'考勤机',1,10,0,NULL,NULL,'2014-10-15 18:31:55','2014-10-15 18:31:55'),(221,210,'墨粉',1,11,0,NULL,NULL,'2014-10-15 18:31:55','2014-10-15 18:31:55'),(222,210,'收款/POS机',1,12,0,NULL,NULL,'2014-10-15 18:31:55','2014-10-15 18:31:55'),(223,210,'会议音频视频',1,13,0,NULL,NULL,'2014-10-15 18:31:55','2014-10-15 18:31:55'),(224,210,'保险柜',1,14,0,NULL,NULL,'2014-10-15 18:31:55','2014-10-15 18:31:55'),(225,210,'装订/封装机',1,15,0,NULL,NULL,'2014-10-15 18:31:55','2014-10-15 18:31:55'),(226,210,'安防监控',1,16,0,NULL,NULL,'2014-10-15 18:31:55','2014-10-15 18:31:55'),(227,210,'办公家具',1,17,0,NULL,NULL,'2014-10-15 18:31:55','2014-10-15 18:31:55'),(228,210,'白板',1,18,0,NULL,NULL,'2014-10-15 18:31:55','2014-10-15 18:31:55'),(229,161,'文具/耗材',1,6,1,NULL,NULL,'2014-10-15 18:31:55','2014-10-15 18:31:55'),(230,229,'硒鼓/墨粉',1,1,0,NULL,NULL,'2014-10-15 18:31:55','2014-10-15 18:31:55'),(231,229,'墨盒',1,2,0,NULL,NULL,'2014-10-15 18:31:55','2014-10-15 18:31:55'),(232,229,'色带',1,3,0,NULL,NULL,'2014-10-15 18:31:55','2014-10-15 18:31:55'),(233,229,'纸类',1,4,0,NULL,NULL,'2014-10-15 18:31:55','2014-10-15 18:31:55'),(234,229,'办公文具',1,5,0,NULL,NULL,'2014-10-15 18:31:55','2014-10-15 18:31:55'),(235,229,'学生文具',1,6,0,NULL,NULL,'2014-10-15 18:31:55','2014-10-15 18:31:55'),(236,229,'文件管理',1,7,0,NULL,NULL,'2014-10-15 18:31:55','2014-10-15 18:31:55'),(237,229,'财会用品',1,8,0,NULL,NULL,'2014-10-15 18:31:55','2014-10-15 18:31:55'),(238,229,'本册/便签',1,9,0,NULL,NULL,'2014-10-15 18:31:55','2014-10-15 18:31:55'),(239,229,'计算器',1,10,0,NULL,NULL,'2014-10-15 18:31:55','2014-10-15 18:31:55'),(240,229,'激光笔',1,11,0,NULL,NULL,'2014-10-15 18:31:55','2014-10-15 18:31:55'),(241,229,'笔类',1,12,0,NULL,NULL,'2014-10-15 18:31:55','2014-10-15 18:31:55'),(242,229,'画具画材',1,13,0,NULL,NULL,'2014-10-15 18:31:55','2014-10-15 18:31:55'),(243,229,'刻录碟片/附件',1,14,0,NULL,NULL,'2014-10-15 18:31:55','2014-10-15 18:31:55'),(244,161,'服务产品',1,7,1,NULL,NULL,'2014-10-15 18:31:55','2014-10-15 18:31:55'),(245,244,'上门服务',1,1,0,NULL,NULL,'2014-10-15 18:31:55','2014-10-15 18:31:55'),(246,244,'远程服务',1,2,0,NULL,NULL,'2014-10-15 18:31:55','2014-10-15 18:31:55'),(247,244,'电脑软件',1,3,0,NULL,NULL,'2014-10-15 18:31:55','2014-10-15 18:31:55'),(248,244,'京东服务',1,4,0,NULL,NULL,'2014-10-15 18:31:55','2014-10-15 18:31:55'),(249,0,'个护化妆',1,4,1,NULL,NULL,'2014-10-15 18:31:55','2014-10-15 18:31:55'),(250,249,'面部护肤',1,1,1,NULL,NULL,'2014-10-15 18:31:55','2014-10-15 18:31:55'),(251,250,'清洁',1,1,0,NULL,NULL,'2014-10-15 18:31:55','2014-10-15 18:31:55'),(252,250,'护肤',1,2,0,NULL,NULL,'2014-10-15 18:31:55','2014-10-15 18:31:55'),(253,250,'面膜',1,3,0,NULL,NULL,'2014-10-15 18:31:55','2014-10-15 18:31:55'),(254,250,'剃须',1,4,0,NULL,NULL,'2014-10-15 18:31:55','2014-10-15 18:31:55'),(255,250,'套装',1,5,0,NULL,NULL,'2014-10-15 18:31:55','2014-10-15 18:31:55'),(256,249,'身体护肤',1,2,1,NULL,NULL,'2014-10-15 18:31:55','2014-10-15 18:31:55'),(257,256,'沐浴',1,1,0,NULL,NULL,'2014-10-15 18:31:55','2014-10-15 18:31:55'),(258,256,'润肤',1,2,0,NULL,NULL,'2014-10-15 18:31:55','2014-10-15 18:31:55'),(259,256,'颈部',1,3,0,NULL,NULL,'2014-10-15 18:31:55','2014-10-15 18:31:55'),(260,256,'手足',1,4,0,NULL,NULL,'2014-10-15 18:31:55','2014-10-15 18:31:55'),(261,256,'纤体塑形',1,5,0,NULL,NULL,'2014-10-15 18:31:55','2014-10-15 18:31:55'),(262,256,'美胸',1,6,0,NULL,NULL,'2014-10-15 18:31:55','2014-10-15 18:31:55'),(263,256,'套装',1,7,0,NULL,NULL,'2014-10-15 18:31:55','2014-10-15 18:31:55'),(264,249,'口腔护理',1,3,1,NULL,NULL,'2014-10-15 18:31:55','2014-10-15 18:31:55'),(265,264,'牙膏/牙粉',1,1,0,NULL,NULL,'2014-10-15 18:31:55','2014-10-15 18:31:55'),(266,264,'牙刷/牙线',1,2,0,NULL,NULL,'2014-10-15 18:31:55','2014-10-15 18:31:55'),(267,264,'漱口水',1,3,0,NULL,NULL,'2014-10-15 18:31:55','2014-10-15 18:31:55'),(268,264,'套装',1,4,0,NULL,NULL,'2014-10-15 18:31:55','2014-10-15 18:31:55'),(269,249,'女性护理',1,4,1,NULL,NULL,'2014-10-15 18:31:55','2014-10-15 18:31:55'),(270,269,'卫生巾',1,1,0,NULL,NULL,'2014-10-15 18:31:55','2014-10-15 18:31:55'),(271,269,'卫生护垫',1,2,0,NULL,NULL,'2014-10-15 18:31:55','2014-10-15 18:31:55'),(272,269,'私密护理',1,3,0,NULL,NULL,'2014-10-15 18:31:55','2014-10-15 18:31:55'),(273,269,'脱毛膏',1,4,0,NULL,NULL,'2014-10-15 18:31:55','2014-10-15 18:31:55'),(274,249,'洗发护发',1,5,1,NULL,NULL,'2014-10-15 18:31:55','2014-10-15 18:31:55'),(275,274,'洗发',1,1,0,NULL,NULL,'2014-10-15 18:31:55','2014-10-15 18:31:55'),(276,274,'护发',1,2,0,NULL,NULL,'2014-10-15 18:31:55','2014-10-15 18:31:55'),(277,274,'染发',1,3,0,NULL,NULL,'2014-10-15 18:31:55','2014-10-15 18:31:55'),(278,274,'造型',1,4,0,NULL,NULL,'2014-10-15 18:31:55','2014-10-15 18:31:55'),(279,274,'假发',1,5,0,NULL,NULL,'2014-10-15 18:31:55','2014-10-15 18:31:55'),(280,274,'套装',1,6,0,NULL,NULL,'2014-10-15 18:31:55','2014-10-15 18:31:55'),(281,249,'香水彩妆',1,6,1,NULL,NULL,'2014-10-15 18:31:55','2014-10-15 18:31:55'),(282,281,'香水',1,1,0,NULL,NULL,'2014-10-15 18:31:55','2014-10-15 18:31:55'),(283,281,'底妆',1,2,0,NULL,NULL,'2014-10-15 18:31:55','2014-10-15 18:31:55'),(284,281,'腮红',1,3,0,NULL,NULL,'2014-10-15 18:31:55','2014-10-15 18:31:55'),(285,281,'眼部',1,4,0,NULL,NULL,'2014-10-15 18:31:55','2014-10-15 18:31:55'),(286,281,'唇部',1,5,0,NULL,NULL,'2014-10-15 18:31:55','2014-10-15 18:31:55'),(287,281,'美甲',1,6,0,NULL,NULL,'2014-10-15 18:31:55','2014-10-15 18:31:55'),(288,281,'美容工具',1,7,0,NULL,NULL,'2014-10-15 18:31:55','2014-10-15 18:31:55'),(289,281,'套装',1,8,0,NULL,NULL,'2014-10-15 18:31:55','2014-10-15 18:31:55'),(290,0,'钟表',1,5,1,NULL,NULL,'2014-10-15 18:31:55','2014-10-15 18:31:55'),(291,290,'钟表',1,1,1,NULL,NULL,'2014-10-15 18:31:55','2014-10-15 18:31:55'),(292,291,'男表',1,1,0,NULL,NULL,'2014-10-15 18:31:55','2014-10-15 18:31:55'),(293,291,'女表',1,2,0,NULL,NULL,'2014-10-15 18:31:55','2014-10-15 18:31:55'),(294,291,'儿童手表',1,3,0,NULL,NULL,'2014-10-15 18:31:55','2014-10-15 18:31:55'),(295,291,'座钟挂钟',1,4,0,NULL,NULL,'2014-10-15 18:31:55','2014-10-15 18:31:55'),(296,0,'母婴',1,6,1,NULL,NULL,'2014-10-15 18:31:55','2014-10-15 18:31:55'),(297,296,'奶粉',1,1,1,NULL,NULL,'2014-10-15 18:31:55','2014-10-15 18:31:55'),(298,297,'婴幼奶粉',1,1,0,NULL,NULL,'2014-10-15 18:31:55','2014-10-15 18:31:55'),(299,297,'成人奶粉',1,2,0,NULL,NULL,'2014-10-15 18:31:55','2014-10-15 18:31:55'),(300,296,'营养辅食',1,2,1,NULL,NULL,'2014-10-15 18:31:55','2014-10-15 18:31:55'),(301,300,'益生菌/初乳',1,1,0,NULL,NULL,'2014-10-15 18:31:55','2014-10-15 18:31:55'),(302,300,'米粉/菜粉',1,2,0,NULL,NULL,'2014-10-15 18:31:55','2014-10-15 18:31:55'),(303,300,'果泥/果汁',1,3,0,NULL,NULL,'2014-10-15 18:31:55','2014-10-15 18:31:55'),(304,300,'DHA',1,4,0,NULL,NULL,'2014-10-15 18:31:55','2014-10-15 18:31:55'),(305,300,'宝宝零食',1,5,0,NULL,NULL,'2014-10-15 18:31:55','2014-10-15 18:31:55'),(306,300,'钙铁锌/维生素',1,6,0,NULL,NULL,'2014-10-15 18:31:55','2014-10-15 18:31:55'),(307,300,'清火/开胃',1,7,0,NULL,NULL,'2014-10-15 18:31:55','2014-10-15 18:31:55'),(308,300,'面条/粥',1,8,0,NULL,NULL,'2014-10-15 18:31:55','2014-10-15 18:31:55'),(309,296,'尿裤湿巾',1,3,1,NULL,NULL,'2014-10-15 18:31:55','2014-10-15 18:31:55'),(310,309,'婴儿尿裤',1,1,0,NULL,NULL,'2014-10-15 18:31:55','2014-10-15 18:31:55'),(311,309,'拉拉裤',1,2,0,NULL,NULL,'2014-10-15 18:31:55','2014-10-15 18:31:55'),(312,309,'湿巾',1,3,0,NULL,NULL,'2014-10-15 18:31:55','2014-10-15 18:31:55'),(313,309,'成人尿裤',1,4,0,NULL,NULL,'2014-10-15 18:31:55','2014-10-15 18:31:55'),(314,296,'喂养用品',1,4,1,NULL,NULL,'2014-10-15 18:31:55','2014-10-15 18:31:55'),(315,314,'奶瓶奶嘴',1,1,0,NULL,NULL,'2014-10-15 18:31:55','2014-10-15 18:31:55'),(316,314,'吸奶器',1,2,0,NULL,NULL,'2014-10-15 18:31:55','2014-10-15 18:31:55'),(317,314,'暖奶消毒',1,3,0,NULL,NULL,'2014-10-15 18:31:55','2014-10-15 18:31:55'),(318,314,'碗盘叉勺',1,4,0,NULL,NULL,'2014-10-15 18:31:55','2014-10-15 18:31:55'),(319,314,'水壶/水杯',1,5,0,NULL,NULL,'2014-10-15 18:31:55','2014-10-15 18:31:55'),(320,314,'牙胶安抚',1,6,0,NULL,NULL,'2014-10-15 18:31:55','2014-10-15 18:31:55'),(321,314,'辅食料理机',1,7,0,NULL,NULL,'2014-10-15 18:31:55','2014-10-15 18:31:55'),(322,296,'洗护用品',1,5,1,NULL,NULL,'2014-10-15 18:31:55','2014-10-15 18:31:55'),(323,322,'宝宝护肤',1,1,0,NULL,NULL,'2014-10-15 18:31:55','2014-10-15 18:31:55'),(324,322,'宝宝洗浴',1,2,0,NULL,NULL,'2014-10-15 18:31:55','2014-10-15 18:31:55'),(325,322,'奶瓶清洗',1,3,0,NULL,NULL,'2014-10-15 18:31:55','2014-10-15 18:31:55'),(326,322,'驱蚊防蚊',1,4,0,NULL,NULL,'2014-10-15 18:31:55','2014-10-15 18:31:55'),(327,322,'理发器',1,5,0,NULL,NULL,'2014-10-15 18:31:55','2014-10-15 18:31:55'),(328,322,'洗衣液/皂',1,6,0,NULL,NULL,'2014-10-15 18:31:55','2014-10-15 18:31:55'),(329,322,'日常护理',1,7,0,NULL,NULL,'2014-10-15 18:31:55','2014-10-15 18:31:55'),(330,322,'座便器',1,8,0,NULL,NULL,'2014-10-15 18:31:55','2014-10-15 18:31:55'),(331,296,'童车童床',1,6,1,NULL,NULL,'2014-10-15 18:31:55','2014-10-15 18:31:55'),(332,331,'婴儿推车',1,1,0,NULL,NULL,'2014-10-15 18:31:55','2014-10-15 18:31:55'),(333,331,'餐椅摇椅',1,2,0,NULL,NULL,'2014-10-15 18:31:55','2014-10-15 18:31:55'),(334,331,'婴儿床',1,3,0,NULL,NULL,'2014-10-15 18:31:55','2014-10-15 18:31:55'),(335,331,'学步车',1,4,0,NULL,NULL,'2014-10-15 18:31:55','2014-10-15 18:31:55'),(336,331,'三轮车',1,5,0,NULL,NULL,'2014-10-15 18:31:55','2014-10-15 18:31:55'),(337,331,'自行车',1,6,0,NULL,NULL,'2014-10-15 18:31:55','2014-10-15 18:31:55'),(338,331,'电动车',1,7,0,NULL,NULL,'2014-10-15 18:31:55','2014-10-15 18:31:55'),(339,331,'扭扭车',1,8,0,NULL,NULL,'2014-10-15 18:31:55','2014-10-15 18:31:55'),(340,331,'滑板车',1,9,0,NULL,NULL,'2014-10-15 18:31:55','2014-10-15 18:31:55'),(341,296,'寝居服饰',1,7,1,NULL,NULL,'2014-10-15 18:31:55','2014-10-15 18:31:55'),(342,341,'婴儿外出服',1,1,0,NULL,NULL,'2014-10-15 18:31:55','2014-10-15 18:31:55'),(343,341,'婴儿内衣',1,2,0,NULL,NULL,'2014-10-15 18:31:55','2014-10-15 18:31:55'),(344,341,'婴儿礼盒',1,3,0,NULL,NULL,'2014-10-15 18:31:55','2014-10-15 18:31:55'),(345,341,'婴儿鞋帽袜',1,4,0,NULL,NULL,'2014-10-15 18:31:55','2014-10-15 18:31:55'),(346,341,'安全防护',1,5,0,NULL,NULL,'2014-10-15 18:31:55','2014-10-15 18:31:55'),(347,341,'家居床品',1,6,0,NULL,NULL,'2014-10-15 18:31:55','2014-10-15 18:31:55'),(348,296,'妈妈专区',1,8,1,NULL,NULL,'2014-10-15 18:31:55','2014-10-15 18:31:55'),(349,348,'妈咪包/背婴带',1,1,0,NULL,NULL,'2014-10-15 18:31:55','2014-10-15 18:31:55'),(350,348,'产后塑身',1,2,0,NULL,NULL,'2014-10-15 18:31:55','2014-10-15 18:31:55'),(351,348,'文胸/内裤',1,3,0,NULL,NULL,'2014-10-15 18:31:55','2014-10-15 18:31:55'),(352,348,'防辐射服',1,4,0,NULL,NULL,'2014-10-15 18:31:55','2014-10-15 18:31:55'),(353,348,'孕妇装',1,5,0,NULL,NULL,'2014-10-15 18:31:55','2014-10-15 18:31:55'),(354,348,'孕期营养',1,6,0,NULL,NULL,'2014-10-15 18:31:55','2014-10-15 18:31:55'),(355,348,'孕妈美容',1,7,0,NULL,NULL,'2014-10-15 18:31:55','2014-10-15 18:31:55'),(356,348,'待产/新生',1,8,0,NULL,NULL,'2014-10-15 18:31:55','2014-10-15 18:31:55'),(357,348,'月子装',1,9,0,NULL,NULL,'2014-10-15 18:31:55','2014-10-15 18:31:55'),(358,296,'童装童鞋',1,9,1,NULL,NULL,'2014-10-15 18:31:55','2014-10-15 18:31:55'),(359,358,'套装',1,1,0,NULL,NULL,'2014-10-15 18:31:55','2014-10-15 18:31:55'),(360,358,'上衣',1,2,0,NULL,NULL,'2014-10-15 18:31:55','2014-10-15 18:31:55'),(361,358,'裤子',1,3,0,NULL,NULL,'2014-10-15 18:31:55','2014-10-15 18:31:55'),(362,358,'裙子',1,4,0,NULL,NULL,'2014-10-15 18:31:55','2014-10-15 18:31:55'),(363,358,'内衣/家居服',1,5,0,NULL,NULL,'2014-10-15 18:31:55','2014-10-15 18:31:55'),(364,358,'羽绒服/棉服',1,6,0,NULL,NULL,'2014-10-15 18:31:55','2014-10-15 18:31:55'),(365,358,'亲子装',1,7,0,NULL,NULL,'2014-10-15 18:31:55','2014-10-15 18:31:55'),(366,358,'儿童配饰',1,8,0,NULL,NULL,'2014-10-15 18:31:55','2014-10-15 18:31:55'),(367,358,'礼服/演出服',1,9,0,NULL,NULL,'2014-10-15 18:31:55','2014-10-15 18:31:55'),(368,358,'运动鞋',1,10,0,NULL,NULL,'2014-10-15 18:31:55','2014-10-15 18:31:55'),(369,358,'皮鞋/帆布鞋',1,11,0,NULL,NULL,'2014-10-15 18:31:55','2014-10-15 18:31:55'),(370,358,'靴子',1,12,0,NULL,NULL,'2014-10-15 18:31:55','2014-10-15 18:31:55'),(371,358,'凉鞋',1,13,0,NULL,NULL,'2014-10-15 18:31:55','2014-10-15 18:31:55'),(372,358,'功能鞋',1,14,0,NULL,NULL,'2014-10-15 18:31:55','2014-10-15 18:31:55'),(373,358,'户外/运动服',1,15,0,NULL,NULL,'2014-10-15 18:31:55','2014-10-15 18:31:55'),(374,296,'安全座椅',1,10,1,NULL,NULL,'2014-10-15 18:31:55','2014-10-15 18:31:55'),(375,374,'提篮式',1,1,0,NULL,NULL,'2014-10-15 18:31:55','2014-10-15 18:31:55'),(376,374,'安全座椅',1,2,0,NULL,NULL,'2014-10-15 18:31:55','2014-10-15 18:31:55'),(377,374,'增高垫',1,3,0,NULL,NULL,'2014-10-15 18:31:55','2014-10-15 18:31:55'),(378,0,'食品饮料、保健食品',1,7,1,NULL,NULL,'2014-10-15 18:31:55','2014-10-15 18:31:55'),(379,378,'进口食品',1,1,1,NULL,NULL,'2014-10-15 18:31:55','2014-10-15 18:31:55'),(380,379,'饼干蛋糕',1,1,0,NULL,NULL,'2014-10-15 18:31:55','2014-10-15 18:31:55'),(381,379,'糖果/巧克力',1,2,0,NULL,NULL,'2014-10-15 18:31:55','2014-10-15 18:31:55'),(382,379,'休闲零食',1,3,0,NULL,NULL,'2014-10-15 18:31:55','2014-10-15 18:31:55'),(383,379,'冲调饮品',1,4,0,NULL,NULL,'2014-10-15 18:31:55','2014-10-15 18:31:55'),(384,379,'粮油调味',1,5,0,NULL,NULL,'2014-10-15 18:31:55','2014-10-15 18:31:55'),(385,379,'牛奶',1,6,0,NULL,NULL,'2014-10-15 18:31:55','2014-10-15 18:31:55'),(386,378,'地方特产',1,2,1,NULL,NULL,'2014-10-15 18:31:55','2014-10-15 18:31:55'),(387,386,'其他特产',1,1,0,NULL,NULL,'2014-10-15 18:31:55','2014-10-15 18:31:55'),(388,386,'新疆',1,2,0,NULL,NULL,'2014-10-15 18:31:55','2014-10-15 18:31:55'),(389,386,'北京',1,3,0,NULL,NULL,'2014-10-15 18:31:55','2014-10-15 18:31:55'),(390,386,'山西',1,4,0,NULL,NULL,'2014-10-15 18:31:55','2014-10-15 18:31:55'),(391,386,'内蒙古',1,5,0,NULL,NULL,'2014-10-15 18:31:55','2014-10-15 18:31:55'),(392,386,'福建',1,6,0,NULL,NULL,'2014-10-15 18:31:55','2014-10-15 18:31:55'),(393,386,'湖南',1,7,0,NULL,NULL,'2014-10-15 18:31:55','2014-10-15 18:31:55'),(394,386,'四川',1,8,0,NULL,NULL,'2014-10-15 18:31:55','2014-10-15 18:31:55'),(395,386,'云南',1,9,0,NULL,NULL,'2014-10-15 18:31:55','2014-10-15 18:31:55'),(396,386,'东北',1,10,0,NULL,NULL,'2014-10-15 18:31:55','2014-10-15 18:31:55'),(397,378,'休闲食品',1,3,1,NULL,NULL,'2014-10-15 18:31:55','2014-10-15 18:31:55'),(398,397,'休闲零食',1,1,0,NULL,NULL,'2014-10-15 18:31:55','2014-10-15 18:31:55'),(399,397,'坚果炒货',1,2,0,NULL,NULL,'2014-10-15 18:31:55','2014-10-15 18:31:55'),(400,397,'肉干肉脯',1,3,0,NULL,NULL,'2014-10-15 18:31:55','2014-10-15 18:31:55'),(401,397,'蜜饯果干',1,4,0,NULL,NULL,'2014-10-15 18:31:55','2014-10-15 18:31:55'),(402,397,'糖果/巧克力',1,5,0,NULL,NULL,'2014-10-15 18:31:55','2014-10-15 18:31:55'),(403,397,'饼干蛋糕',1,6,0,NULL,NULL,'2014-10-15 18:31:55','2014-10-15 18:31:55'),(404,397,'无糖食品',1,7,0,NULL,NULL,'2014-10-15 18:31:55','2014-10-15 18:31:55'),(405,378,'粮油调味',1,4,1,NULL,NULL,'2014-10-15 18:31:55','2014-10-15 18:31:55'),(406,405,'米面杂粮',1,1,0,NULL,NULL,'2014-10-15 18:31:55','2014-10-15 18:31:55'),(407,405,'食用油',1,2,0,NULL,NULL,'2014-10-15 18:31:55','2014-10-15 18:31:55'),(408,405,'调味品',1,3,0,NULL,NULL,'2014-10-15 18:31:55','2014-10-15 18:31:55'),(409,405,'南北干货',1,4,0,NULL,NULL,'2014-10-15 18:31:55','2014-10-15 18:31:55'),(410,405,'方便食品',1,5,0,NULL,NULL,'2014-10-15 18:31:55','2014-10-15 18:31:55'),(411,405,'有机食品',1,6,0,NULL,NULL,'2014-10-15 18:31:55','2014-10-15 18:31:55'),(412,378,'饮料冲调',1,5,1,NULL,NULL,'2014-10-15 18:31:55','2014-10-15 18:31:55'),(413,412,'饮用水',1,1,0,NULL,NULL,'2014-10-15 18:31:55','2014-10-15 18:31:55'),(414,412,'饮料',1,2,0,NULL,NULL,'2014-10-15 18:31:55','2014-10-15 18:31:55'),(415,412,'牛奶乳品',1,3,0,NULL,NULL,'2014-10-15 18:31:55','2014-10-15 18:31:55'),(416,412,'咖啡/奶茶',1,4,0,NULL,NULL,'2014-10-15 18:31:55','2014-10-15 18:31:55'),(417,412,'冲饮谷物',1,5,0,NULL,NULL,'2014-10-15 18:31:55','2014-10-15 18:31:55'),(418,412,'蜂蜜/柚子茶',1,6,0,NULL,NULL,'2014-10-15 18:31:55','2014-10-15 18:31:55'),(419,412,'成人奶粉',1,7,0,NULL,NULL,'2014-10-15 18:31:55','2014-10-15 18:31:55'),(420,378,'食品礼券',1,6,1,NULL,NULL,'2014-10-15 18:31:55','2014-10-15 18:31:55'),(421,420,'月饼',1,1,0,NULL,NULL,'2014-10-15 18:31:55','2014-10-15 18:31:55'),(422,420,'大闸蟹',1,2,0,NULL,NULL,'2014-10-15 18:31:55','2014-10-15 18:31:55'),(423,420,'粽子',1,3,0,NULL,NULL,'2014-10-15 18:31:55','2014-10-15 18:31:55'),(424,420,'卡券',1,4,0,NULL,NULL,'2014-10-15 18:31:55','2014-10-15 18:31:55'),(425,378,'茗茶',1,7,1,NULL,NULL,'2014-10-15 18:31:55','2014-10-15 18:31:55'),(426,425,'铁观音',1,1,0,NULL,NULL,'2014-10-15 18:31:55','2014-10-15 18:31:55'),(427,425,'普洱',1,2,0,NULL,NULL,'2014-10-15 18:31:55','2014-10-15 18:31:55'),(428,425,'龙井',1,3,0,NULL,NULL,'2014-10-15 18:31:55','2014-10-15 18:31:55'),(429,425,'绿茶',1,4,0,NULL,NULL,'2014-10-15 18:31:55','2014-10-15 18:31:55'),(430,425,'红茶',1,5,0,NULL,NULL,'2014-10-15 18:31:55','2014-10-15 18:31:55'),(431,425,'乌龙茶',1,6,0,NULL,NULL,'2014-10-15 18:31:55','2014-10-15 18:31:55'),(432,425,'花草茶',1,7,0,NULL,NULL,'2014-10-15 18:31:55','2014-10-15 18:31:55'),(433,425,'花果茶',1,8,0,NULL,NULL,'2014-10-15 18:31:55','2014-10-15 18:31:55'),(434,425,'养生茶',1,9,0,NULL,NULL,'2014-10-15 18:31:55','2014-10-15 18:31:55'),(435,425,'黑茶',1,10,0,NULL,NULL,'2014-10-15 18:31:55','2014-10-15 18:31:55'),(436,425,'白茶',1,11,0,NULL,NULL,'2014-10-15 18:31:55','2014-10-15 18:31:55'),(437,425,'其它茶',1,12,0,NULL,NULL,'2014-10-15 18:31:55','2014-10-15 18:31:55'),(438,0,'汽车用品',1,8,1,NULL,NULL,'2014-10-15 18:31:55','2014-10-15 18:31:55'),(439,438,'维修保养',1,1,1,NULL,NULL,'2014-10-15 18:31:55','2014-10-15 18:31:55'),(440,439,'润滑油',1,1,0,NULL,NULL,'2014-10-15 18:31:55','2014-10-15 18:31:55'),(441,439,'添加剂',1,2,0,NULL,NULL,'2014-10-15 18:31:55','2014-10-15 18:31:55'),(442,439,'防冻液',1,3,0,NULL,NULL,'2014-10-15 18:31:55','2014-10-15 18:31:55'),(443,439,'滤清器',1,4,0,NULL,NULL,'2014-10-15 18:31:55','2014-10-15 18:31:55'),(444,439,'火花塞',1,5,0,NULL,NULL,'2014-10-15 18:31:55','2014-10-15 18:31:55'),(445,439,'雨刷',1,6,0,NULL,NULL,'2014-10-15 18:31:55','2014-10-15 18:31:55'),(446,439,'车灯',1,7,0,NULL,NULL,'2014-10-15 18:31:55','2014-10-15 18:31:55'),(447,439,'后视镜',1,8,0,NULL,NULL,'2014-10-15 18:31:55','2014-10-15 18:31:55'),(448,439,'轮胎',1,9,0,NULL,NULL,'2014-10-15 18:31:55','2014-10-15 18:31:55'),(449,439,'轮毂',1,10,0,NULL,NULL,'2014-10-15 18:31:55','2014-10-15 18:31:55'),(450,439,'刹车片/盘',1,11,0,NULL,NULL,'2014-10-15 18:31:55','2014-10-15 18:31:55'),(451,439,'喇叭/皮带',1,12,0,NULL,NULL,'2014-10-15 18:31:55','2014-10-15 18:31:55'),(452,439,'蓄电池',1,13,0,NULL,NULL,'2014-10-15 18:31:55','2014-10-15 18:31:55'),(453,439,'底盘装甲/护板',1,14,0,NULL,NULL,'2014-10-15 18:31:55','2014-10-15 18:31:55'),(454,439,'贴膜',1,15,0,NULL,NULL,'2014-10-15 18:31:55','2014-10-15 18:31:55'),(455,439,'汽修工具',1,16,0,NULL,NULL,'2014-10-15 18:31:55','2014-10-15 18:31:55'),(456,438,'车载电器',1,2,1,NULL,NULL,'2014-10-15 18:31:55','2014-10-15 18:31:55'),(457,456,'导航仪',1,1,0,NULL,NULL,'2014-10-15 18:31:55','2014-10-15 18:31:55'),(458,456,'安全预警仪',1,2,0,NULL,NULL,'2014-10-15 18:31:55','2014-10-15 18:31:55'),(459,456,'行车记录仪',1,3,0,NULL,NULL,'2014-10-15 18:31:55','2014-10-15 18:31:55'),(460,456,'倒车雷达',1,4,0,NULL,NULL,'2014-10-15 18:31:55','2014-10-15 18:31:55'),(461,456,'蓝牙设备',1,5,0,NULL,NULL,'2014-10-15 18:31:55','2014-10-15 18:31:55'),(462,456,'时尚影音',1,6,0,NULL,NULL,'2014-10-15 18:31:55','2014-10-15 18:31:55'),(463,456,'净化器',1,7,0,NULL,NULL,'2014-10-15 18:31:55','2014-10-15 18:31:55'),(464,456,'电源',1,8,0,NULL,NULL,'2014-10-15 18:31:55','2014-10-15 18:31:55'),(465,456,'冰箱',1,9,0,NULL,NULL,'2014-10-15 18:31:55','2014-10-15 18:31:55'),(466,456,'吸尘器',1,10,0,NULL,NULL,'2014-10-15 18:31:55','2014-10-15 18:31:55'),(467,438,'美容清洗',1,3,1,NULL,NULL,'2014-10-15 18:31:55','2014-10-15 18:31:55'),(468,467,'车蜡',1,1,0,NULL,NULL,'2014-10-15 18:31:55','2014-10-15 18:31:55'),(469,467,'补漆笔',1,2,0,NULL,NULL,'2014-10-15 18:31:55','2014-10-15 18:31:55'),(470,467,'玻璃水',1,3,0,NULL,NULL,'2014-10-15 18:31:55','2014-10-15 18:31:55'),(471,467,'清洁剂',1,4,0,NULL,NULL,'2014-10-15 18:31:55','2014-10-15 18:31:55'),(472,467,'洗车工具',1,5,0,NULL,NULL,'2014-10-15 18:31:55','2014-10-15 18:31:55'),(473,467,'洗车配件',1,6,0,NULL,NULL,'2014-10-15 18:31:55','2014-10-15 18:31:55'),(474,438,'汽车装饰',1,4,1,NULL,NULL,'2014-10-15 18:31:55','2014-10-15 18:31:55'),(475,474,'脚垫',1,1,0,NULL,NULL,'2014-10-15 18:31:55','2014-10-15 18:31:55'),(476,474,'座垫',1,2,0,NULL,NULL,'2014-10-15 18:31:55','2014-10-15 18:31:55'),(477,474,'座套',1,3,0,NULL,NULL,'2014-10-15 18:31:55','2014-10-15 18:31:55'),(478,474,'后备箱垫',1,4,0,NULL,NULL,'2014-10-15 18:31:55','2014-10-15 18:31:55'),(479,474,'头枕腰靠',1,5,0,NULL,NULL,'2014-10-15 18:31:55','2014-10-15 18:31:55'),(480,474,'香水',1,6,0,NULL,NULL,'2014-10-15 18:31:55','2014-10-15 18:31:55'),(481,474,'空气净化',1,7,0,NULL,NULL,'2014-10-15 18:31:55','2014-10-15 18:31:55'),(482,474,'车内饰品',1,8,0,NULL,NULL,'2014-10-15 18:31:55','2014-10-15 18:31:55'),(483,474,'功能小件',1,9,0,NULL,NULL,'2014-10-15 18:31:55','2014-10-15 18:31:55'),(484,474,'车身装饰件',1,10,0,NULL,NULL,'2014-10-15 18:31:55','2014-10-15 18:31:55'),(485,474,'车衣',1,11,0,NULL,NULL,'2014-10-15 18:31:55','2014-10-15 18:31:55'),(486,438,'安全自驾',1,5,1,NULL,NULL,'2014-10-15 18:31:55','2014-10-15 18:31:55'),(487,486,'安全座椅',1,1,0,NULL,NULL,'2014-10-15 18:31:55','2014-10-15 18:31:55'),(488,486,'胎压充气',1,2,0,NULL,NULL,'2014-10-15 18:31:55','2014-10-15 18:31:55'),(489,486,'防盗设备',1,3,0,NULL,NULL,'2014-10-15 18:31:55','2014-10-15 18:31:55'),(490,486,'应急救援',1,4,0,NULL,NULL,'2014-10-15 18:31:55','2014-10-15 18:31:55'),(491,486,'保温箱',1,5,0,NULL,NULL,'2014-10-15 18:31:55','2014-10-15 18:31:55'),(492,486,'储物箱',1,6,0,NULL,NULL,'2014-10-15 18:31:55','2014-10-15 18:31:55'),(493,486,'自驾野营',1,7,0,NULL,NULL,'2014-10-15 18:31:55','2014-10-15 18:31:55'),(494,486,'摩托车装备',1,8,0,NULL,NULL,'2014-10-15 18:31:55','2014-10-15 18:31:55'),(495,0,'玩具乐器',1,9,1,NULL,NULL,'2014-10-15 18:31:55','2014-10-15 18:31:55'),(496,495,'适用年龄',1,1,1,NULL,NULL,'2014-10-15 18:31:55','2014-10-15 18:31:55'),(497,496,'0-6个月',1,1,0,NULL,NULL,'2014-10-15 18:31:55','2014-10-15 18:31:55'),(498,496,'6-12个月',1,2,0,NULL,NULL,'2014-10-15 18:31:55','2014-10-15 18:31:55'),(499,496,'1-3岁',1,3,0,NULL,NULL,'2014-10-15 18:31:55','2014-10-15 18:31:55'),(500,496,'3-6岁',1,4,0,NULL,NULL,'2014-10-15 18:31:55','2014-10-15 18:31:55'),(501,496,'6-14岁',1,5,0,NULL,NULL,'2014-10-15 18:31:55','2014-10-15 18:31:55'),(502,496,'14岁以上',1,6,0,NULL,NULL,'2014-10-15 18:31:55','2014-10-15 18:31:55'),(503,495,'遥控/电动',1,2,1,NULL,NULL,'2014-10-15 18:31:55','2014-10-15 18:31:55'),(504,503,'遥控车',1,1,0,NULL,NULL,'2014-10-15 18:31:55','2014-10-15 18:31:55'),(505,503,'遥控飞机',1,2,0,NULL,NULL,'2014-10-15 18:31:55','2014-10-15 18:31:55'),(506,503,'遥控船',1,3,0,NULL,NULL,'2014-10-15 18:31:55','2014-10-15 18:31:55'),(507,503,'机器人/电动',1,4,0,NULL,NULL,'2014-10-15 18:31:55','2014-10-15 18:31:55'),(508,503,'轨道/助力',1,5,0,NULL,NULL,'2014-10-15 18:31:55','2014-10-15 18:31:55'),(509,495,'毛绒布艺',1,3,1,NULL,NULL,'2014-10-15 18:31:55','2014-10-15 18:31:55'),(510,509,'毛绒/布艺',1,1,0,NULL,NULL,'2014-10-15 18:31:55','2014-10-15 18:31:55'),(511,509,'靠垫/抱枕',1,2,0,NULL,NULL,'2014-10-15 18:31:55','2014-10-15 18:31:55'),(512,495,'娃娃玩具',1,4,1,NULL,NULL,'2014-10-15 18:31:55','2014-10-15 18:31:55'),(513,512,'芭比娃娃',1,1,0,NULL,NULL,'2014-10-15 18:31:55','2014-10-15 18:31:55'),(514,512,'卡通娃娃',1,2,0,NULL,NULL,'2014-10-15 18:31:55','2014-10-15 18:31:55'),(515,512,'智能娃娃',1,3,0,NULL,NULL,'2014-10-15 18:31:55','2014-10-15 18:31:55'),(516,495,'模型玩具',1,5,1,NULL,NULL,'2014-10-15 18:31:55','2014-10-15 18:31:55'),(517,516,'仿真模型',1,1,0,NULL,NULL,'2014-10-15 18:31:55','2014-10-15 18:31:55'),(518,516,'拼插模型',1,2,0,NULL,NULL,'2014-10-15 18:31:55','2014-10-15 18:31:55'),(519,516,'收藏爱好',1,3,0,NULL,NULL,'2014-10-15 18:31:55','2014-10-15 18:31:55'),(520,495,'健身玩具',1,6,1,NULL,NULL,'2014-10-15 18:31:55','2014-10-15 18:31:55'),(521,520,'炫舞毯',1,1,0,NULL,NULL,'2014-10-15 18:31:55','2014-10-15 18:31:55'),(522,520,'爬行垫/毯',1,2,0,NULL,NULL,'2014-10-15 18:31:55','2014-10-15 18:31:55'),(523,520,'户外玩具',1,3,0,NULL,NULL,'2014-10-15 18:31:55','2014-10-15 18:31:55'),(524,520,'戏水玩具',1,4,0,NULL,NULL,'2014-10-15 18:31:55','2014-10-15 18:31:55'),(525,495,'动漫玩具',1,7,1,NULL,NULL,'2014-10-15 18:31:55','2014-10-15 18:31:55'),(526,525,'电影周边',1,1,0,NULL,NULL,'2014-10-15 18:31:55','2014-10-15 18:31:55'),(527,525,'卡通周边',1,2,0,NULL,NULL,'2014-10-15 18:31:55','2014-10-15 18:31:55'),(528,525,'网游周边',1,3,0,NULL,NULL,'2014-10-15 18:31:55','2014-10-15 18:31:55'),(529,495,'益智玩具',1,8,1,NULL,NULL,'2014-10-15 18:31:55','2014-10-15 18:31:55'),(530,529,'摇铃/床铃',1,1,0,NULL,NULL,'2014-10-15 18:31:55','2014-10-15 18:31:55'),(531,529,'健身架',1,2,0,NULL,NULL,'2014-10-15 18:31:55','2014-10-15 18:31:55'),(532,529,'早教启智',1,3,0,NULL,NULL,'2014-10-15 18:31:55','2014-10-15 18:31:55'),(533,529,'拖拉玩具',1,4,0,NULL,NULL,'2014-10-15 18:31:55','2014-10-15 18:31:55'),(534,495,'积木拼插',1,9,1,NULL,NULL,'2014-10-15 18:31:55','2014-10-15 18:31:55'),(535,534,'积木',1,1,0,NULL,NULL,'2014-10-15 18:31:55','2014-10-15 18:31:55'),(536,534,'拼图',1,2,0,NULL,NULL,'2014-10-15 18:31:55','2014-10-15 18:31:55'),(537,534,'磁力棒',1,3,0,NULL,NULL,'2014-10-15 18:31:55','2014-10-15 18:31:55'),(538,534,'立体拼插',1,4,0,NULL,NULL,'2014-10-15 18:31:55','2014-10-15 18:31:55'),(539,495,'DIY玩具',1,10,1,NULL,NULL,'2014-10-15 18:31:55','2014-10-15 18:31:55'),(540,539,'手工彩泥',1,1,0,NULL,NULL,'2014-10-15 18:31:55','2014-10-15 18:31:55'),(541,539,'绘画工具',1,2,0,NULL,NULL,'2014-10-15 18:31:55','2014-10-15 18:31:55'),(542,539,'情景玩具',1,3,0,NULL,NULL,'2014-10-15 18:31:55','2014-10-15 18:31:55'),(543,495,'创意减压',1,11,1,NULL,NULL,'2014-10-15 18:31:55','2014-10-15 18:31:55'),(544,543,'减压玩具',1,1,0,NULL,NULL,'2014-10-15 18:31:55','2014-10-15 18:31:55'),(545,543,'创意玩具',1,2,0,NULL,NULL,'2014-10-15 18:31:55','2014-10-15 18:31:55'),(546,495,'乐器相关',1,12,1,NULL,NULL,'2014-10-15 18:31:55','2014-10-15 18:31:55'),(547,546,'钢琴',1,1,0,NULL,NULL,'2014-10-15 18:31:55','2014-10-15 18:31:55'),(548,546,'电子琴',1,2,0,NULL,NULL,'2014-10-15 18:31:55','2014-10-15 18:31:55'),(549,546,'手风琴',1,3,0,NULL,NULL,'2014-10-15 18:31:55','2014-10-15 18:31:55'),(550,546,'吉他/贝斯',1,4,0,NULL,NULL,'2014-10-15 18:31:55','2014-10-15 18:31:55'),(551,546,'民族管弦乐器',1,5,0,NULL,NULL,'2014-10-15 18:31:55','2014-10-15 18:31:55'),(552,546,'西洋管弦乐',1,6,0,NULL,NULL,'2014-10-15 18:31:55','2014-10-15 18:31:55'),(553,546,'口琴/口风琴/竖笛',1,7,0,NULL,NULL,'2014-10-15 18:31:55','2014-10-15 18:31:55'),(554,546,'西洋打击乐器',1,8,0,NULL,NULL,'2014-10-15 18:31:55','2014-10-15 18:31:55'),(555,546,'各式乐器配件',1,9,0,NULL,NULL,'2014-10-15 18:31:55','2014-10-15 18:31:55'),(556,546,'电脑音乐',1,10,0,NULL,NULL,'2014-10-15 18:31:55','2014-10-15 18:31:55'),(557,546,'工艺礼品乐器',1,11,0,NULL,NULL,'2014-10-15 18:31:55','2014-10-15 18:31:55'),(558,0,'手机',1,10,1,NULL,NULL,'2014-10-15 18:31:55','2014-10-15 18:31:55'),(559,558,'手机通讯',1,1,1,NULL,NULL,'2014-10-15 18:31:55','2014-10-15 18:31:55'),(560,559,'手机',1,1,0,NULL,NULL,'2014-10-15 18:31:55','2014-10-15 18:31:55'),(561,559,'对讲机',1,2,0,NULL,NULL,'2014-10-15 18:31:55','2014-10-15 18:31:55'),(562,558,'运营商',1,2,1,NULL,NULL,'2014-10-15 18:31:55','2014-10-15 18:31:55'),(563,562,'购机送费',1,1,0,NULL,NULL,'2014-10-15 18:31:55','2014-10-15 18:31:55'),(564,562,'“0”元购机',1,2,0,NULL,NULL,'2014-10-15 18:31:55','2014-10-15 18:31:55'),(565,562,'选号中心',1,3,0,NULL,NULL,'2014-10-15 18:31:55','2014-10-15 18:31:55'),(566,562,'选号入网',1,4,0,NULL,NULL,'2014-10-15 18:31:55','2014-10-15 18:31:55'),(567,558,'手机配件',1,3,1,NULL,NULL,'2014-10-15 18:31:55','2014-10-15 18:31:55'),(568,567,'手机电池',1,1,0,NULL,NULL,'2014-10-15 18:31:55','2014-10-15 18:31:55'),(569,567,'蓝牙耳机',1,2,0,NULL,NULL,'2014-10-15 18:31:55','2014-10-15 18:31:55'),(570,567,'充电器/数据线',1,3,0,NULL,NULL,'2014-10-15 18:31:55','2014-10-15 18:31:55'),(571,567,'手机耳机',1,4,0,NULL,NULL,'2014-10-15 18:31:55','2014-10-15 18:31:55'),(572,567,'手机贴膜',1,5,0,NULL,NULL,'2014-10-15 18:31:55','2014-10-15 18:31:55'),(573,567,'手机存储卡',1,6,0,NULL,NULL,'2014-10-15 18:31:55','2014-10-15 18:31:55'),(574,567,'手机保护套',1,7,0,NULL,NULL,'2014-10-15 18:31:55','2014-10-15 18:31:55'),(575,567,'车载配件',1,8,0,NULL,NULL,'2014-10-15 18:31:55','2014-10-15 18:31:55'),(576,567,'iPhone 配件',1,9,0,NULL,NULL,'2014-10-15 18:31:55','2014-10-15 18:31:55'),(577,567,'创意配件',1,10,0,NULL,NULL,'2014-10-15 18:31:55','2014-10-15 18:31:55'),(578,567,'便携/无线音响',1,11,0,NULL,NULL,'2014-10-15 18:31:55','2014-10-15 18:31:55'),(579,567,'手机饰品',1,12,0,NULL,NULL,'2014-10-15 18:31:55','2014-10-15 18:31:55'),(580,0,'数码',1,11,1,NULL,NULL,'2014-10-15 18:31:55','2014-10-15 18:31:55'),(581,580,'摄影摄像',1,1,1,NULL,NULL,'2014-10-15 18:31:55','2014-10-15 18:31:55'),(582,581,'数码相机',1,1,0,NULL,NULL,'2014-10-15 18:31:55','2014-10-15 18:31:55'),(583,581,'单电/微单相机',1,2,0,NULL,NULL,'2014-10-15 18:31:55','2014-10-15 18:31:55'),(584,581,'单反相机',1,3,0,NULL,NULL,'2014-10-15 18:31:55','2014-10-15 18:31:55'),(585,581,'摄像机',1,4,0,NULL,NULL,'2014-10-15 18:31:55','2014-10-15 18:31:55'),(586,581,'拍立得',1,5,0,NULL,NULL,'2014-10-15 18:31:55','2014-10-15 18:31:55'),(587,581,'运动相机',1,6,0,NULL,NULL,'2014-10-15 18:31:55','2014-10-15 18:31:55'),(588,581,'镜头',1,7,0,NULL,NULL,'2014-10-15 18:31:55','2014-10-15 18:31:55'),(589,581,'户外器材',1,8,0,NULL,NULL,'2014-10-15 18:31:55','2014-10-15 18:31:55'),(590,581,'影棚器材',1,9,0,NULL,NULL,'2014-10-15 18:31:55','2014-10-15 18:31:55'),(591,580,'数码配件',1,2,1,NULL,NULL,'2014-10-15 18:31:55','2014-10-15 18:31:55'),(592,591,'存储卡',1,1,0,NULL,NULL,'2014-10-15 18:31:55','2014-10-15 18:31:55'),(593,591,'读卡器',1,2,0,NULL,NULL,'2014-10-15 18:31:55','2014-10-15 18:31:55'),(594,591,'滤镜',1,3,0,NULL,NULL,'2014-10-15 18:31:55','2014-10-15 18:31:55'),(595,591,'闪光灯/手柄',1,4,0,NULL,NULL,'2014-10-15 18:31:55','2014-10-15 18:31:55'),(596,591,'相机包',1,5,0,NULL,NULL,'2014-10-15 18:31:55','2014-10-15 18:31:55'),(597,591,'三脚架/云台',1,6,0,NULL,NULL,'2014-10-15 18:31:55','2014-10-15 18:31:55'),(598,591,'相机清洁',1,7,0,NULL,NULL,'2014-10-15 18:31:55','2014-10-15 18:31:55'),(599,591,'相机贴膜',1,8,0,NULL,NULL,'2014-10-15 18:31:55','2014-10-15 18:31:55'),(600,591,'机身附件',1,9,0,NULL,NULL,'2014-10-15 18:31:55','2014-10-15 18:31:55'),(601,591,'镜头附件',1,10,0,NULL,NULL,'2014-10-15 18:31:55','2014-10-15 18:31:55'),(602,591,'电池/充电器',1,11,0,NULL,NULL,'2014-10-15 18:31:55','2014-10-15 18:31:55'),(603,591,'移动电源',1,12,0,NULL,NULL,'2014-10-15 18:31:55','2014-10-15 18:31:55'),(604,580,'智能设备',1,3,1,NULL,NULL,'2014-10-15 18:31:55','2014-10-15 18:31:55'),(605,604,'智能手环',1,1,0,NULL,NULL,'2014-10-15 18:31:55','2014-10-15 18:31:55'),(606,604,'智能手表',1,2,0,NULL,NULL,'2014-10-15 18:31:55','2014-10-15 18:31:55'),(607,604,'智能眼镜',1,3,0,NULL,NULL,'2014-10-15 18:31:55','2014-10-15 18:31:55'),(608,604,'运动跟踪器',1,4,0,NULL,NULL,'2014-10-15 18:31:55','2014-10-15 18:31:55'),(609,604,'健康监测',1,5,0,NULL,NULL,'2014-10-15 18:31:55','2014-10-15 18:31:55'),(610,604,'智能配饰',1,6,0,NULL,NULL,'2014-10-15 18:31:55','2014-10-15 18:31:55'),(611,604,'智能家居',1,7,0,NULL,NULL,'2014-10-15 18:31:55','2014-10-15 18:31:55'),(612,604,'体感车',1,8,0,NULL,NULL,'2014-10-15 18:31:55','2014-10-15 18:31:55'),(613,604,'其他配件',1,9,0,NULL,NULL,'2014-10-15 18:31:55','2014-10-15 18:31:55'),(614,580,'时尚影音',1,4,1,NULL,NULL,'2014-10-15 18:31:55','2014-10-15 18:31:55'),(615,614,'MP3/MP4',1,1,0,NULL,NULL,'2014-10-15 18:31:55','2014-10-15 18:31:55'),(616,614,'智能设备',1,2,0,NULL,NULL,'2014-10-15 18:31:55','2014-10-15 18:31:55'),(617,614,'耳机/耳麦',1,3,0,NULL,NULL,'2014-10-15 18:31:55','2014-10-15 18:31:55'),(618,614,'音箱',1,4,0,NULL,NULL,'2014-10-15 18:31:55','2014-10-15 18:31:55'),(619,614,'高清播放器',1,5,0,NULL,NULL,'2014-10-15 18:31:55','2014-10-15 18:31:55'),(620,614,'MP3/MP4配件',1,6,0,NULL,NULL,'2014-10-15 18:31:55','2014-10-15 18:31:55'),(621,614,'麦克风',1,7,0,NULL,NULL,'2014-10-15 18:31:55','2014-10-15 18:31:55'),(622,614,'专业音频',1,8,0,NULL,NULL,'2014-10-15 18:31:55','2014-10-15 18:31:55'),(623,614,'数码相框',1,9,0,NULL,NULL,'2014-10-15 18:31:55','2014-10-15 18:31:55'),(624,614,'苹果配件',1,10,0,NULL,NULL,'2014-10-15 18:31:55','2014-10-15 18:31:55'),(625,580,'电子教育',1,5,1,NULL,NULL,'2014-10-15 18:31:55','2014-10-15 18:31:55'),(626,625,'电子词典',1,1,0,NULL,NULL,'2014-10-15 18:31:55','2014-10-15 18:31:55'),(627,625,'电纸书',1,2,0,NULL,NULL,'2014-10-15 18:31:55','2014-10-15 18:31:55'),(628,625,'录音笔',1,3,0,NULL,NULL,'2014-10-15 18:31:55','2014-10-15 18:31:55'),(629,625,'复读机',1,4,0,NULL,NULL,'2014-10-15 18:31:55','2014-10-15 18:31:55'),(630,625,'点读机/笔',1,5,0,NULL,NULL,'2014-10-15 18:31:55','2014-10-15 18:31:55'),(631,625,'学生平板',1,6,0,NULL,NULL,'2014-10-15 18:31:55','2014-10-15 18:31:55'),(632,625,'早教机',1,7,0,NULL,NULL,'2014-10-15 18:31:55','2014-10-15 18:31:55'),(633,0,'家居家装',1,12,1,NULL,NULL,'2014-10-15 18:31:55','2014-10-15 18:31:55'),(634,633,'家纺',1,1,1,NULL,NULL,'2014-10-15 18:31:55','2014-10-15 18:31:55'),(635,634,'床品套件',1,1,0,NULL,NULL,'2014-10-15 18:31:55','2014-10-15 18:31:55'),(636,634,'被子',1,2,0,NULL,NULL,'2014-10-15 18:31:55','2014-10-15 18:31:55'),(637,634,'枕芯',1,3,0,NULL,NULL,'2014-10-15 18:31:55','2014-10-15 18:31:55'),(638,634,'床单被罩',1,4,0,NULL,NULL,'2014-10-15 18:31:55','2014-10-15 18:31:55'),(639,634,'毯子',1,5,0,NULL,NULL,'2014-10-15 18:31:55','2014-10-15 18:31:55'),(640,634,'床垫/床褥',1,6,0,NULL,NULL,'2014-10-15 18:31:55','2014-10-15 18:31:55'),(641,634,'蚊帐',1,7,0,NULL,NULL,'2014-10-15 18:31:55','2014-10-15 18:31:55'),(642,634,'抱枕靠垫',1,8,0,NULL,NULL,'2014-10-15 18:31:55','2014-10-15 18:31:55'),(643,634,'毛巾浴巾',1,9,0,NULL,NULL,'2014-10-15 18:31:55','2014-10-15 18:31:55'),(644,634,'电热毯',1,10,0,NULL,NULL,'2014-10-15 18:31:55','2014-10-15 18:31:55'),(645,634,'窗帘/窗纱',1,11,0,NULL,NULL,'2014-10-15 18:31:55','2014-10-15 18:31:55'),(646,634,'布艺软饰',1,12,0,NULL,NULL,'2014-10-15 18:31:55','2014-10-15 18:31:55'),(647,634,'凉席',1,13,0,NULL,NULL,'2014-10-15 18:31:55','2014-10-15 18:31:55'),(648,633,'灯具',1,2,1,NULL,NULL,'2014-10-15 18:31:55','2014-10-15 18:31:55'),(649,648,'台灯',1,1,0,NULL,NULL,'2014-10-15 18:31:55','2014-10-15 18:31:55'),(650,648,'节能灯',1,2,0,NULL,NULL,'2014-10-15 18:31:55','2014-10-15 18:31:55'),(651,648,'装饰灯',1,3,0,NULL,NULL,'2014-10-15 18:31:55','2014-10-15 18:31:55'),(652,648,'落地灯',1,4,0,NULL,NULL,'2014-10-15 18:31:55','2014-10-15 18:31:55'),(653,648,'应急灯/手电',1,5,0,NULL,NULL,'2014-10-15 18:31:55','2014-10-15 18:31:55'),(654,648,'LED灯',1,6,0,NULL,NULL,'2014-10-15 18:31:55','2014-10-15 18:31:55'),(655,648,'吸顶灯',1,7,0,NULL,NULL,'2014-10-15 18:31:55','2014-10-15 18:31:55'),(656,648,'五金电器',1,8,0,NULL,NULL,'2014-10-15 18:31:55','2014-10-15 18:31:55'),(657,648,'筒灯射灯',1,9,0,NULL,NULL,'2014-10-15 18:31:55','2014-10-15 18:31:55'),(658,648,'吊灯',1,10,0,NULL,NULL,'2014-10-15 18:31:55','2014-10-15 18:31:55'),(659,648,'氛围照明',1,11,0,NULL,NULL,'2014-10-15 18:31:55','2014-10-15 18:31:55'),(660,633,'生活日用',1,3,1,NULL,NULL,'2014-10-15 18:31:55','2014-10-15 18:31:55'),(661,660,'收纳用品',1,1,0,NULL,NULL,'2014-10-15 18:31:55','2014-10-15 18:31:55'),(662,660,'雨伞雨具',1,2,0,NULL,NULL,'2014-10-15 18:31:55','2014-10-15 18:31:55'),(663,660,'浴室用品',1,3,0,NULL,NULL,'2014-10-15 18:31:55','2014-10-15 18:31:55'),(664,660,'缝纫/针织用品',1,4,0,NULL,NULL,'2014-10-15 18:31:55','2014-10-15 18:31:55'),(665,660,'洗晒/熨烫',1,5,0,NULL,NULL,'2014-10-15 18:31:55','2014-10-15 18:31:55'),(666,660,'净化除味',1,6,0,NULL,NULL,'2014-10-15 18:31:55','2014-10-15 18:31:55'),(667,633,'家装软饰',1,4,1,NULL,NULL,'2014-10-15 18:31:55','2014-10-15 18:31:55'),(668,667,'桌布/罩件',1,1,0,NULL,NULL,'2014-10-15 18:31:55','2014-10-15 18:31:55'),(669,667,'地毯地垫',1,2,0,NULL,NULL,'2014-10-15 18:31:55','2014-10-15 18:31:55'),(670,667,'沙发垫套/椅垫',1,3,0,NULL,NULL,'2014-10-15 18:31:55','2014-10-15 18:31:55'),(671,667,'相框/照片墙',1,4,0,NULL,NULL,'2014-10-15 18:31:55','2014-10-15 18:31:55'),(672,667,'装饰字画',1,5,0,NULL,NULL,'2014-10-15 18:31:55','2014-10-15 18:31:55'),(673,667,'节庆饰品',1,6,0,NULL,NULL,'2014-10-15 18:31:55','2014-10-15 18:31:55'),(674,667,'手工/十字绣',1,7,0,NULL,NULL,'2014-10-15 18:31:55','2014-10-15 18:31:55'),(675,667,'装饰摆件',1,8,0,NULL,NULL,'2014-10-15 18:31:55','2014-10-15 18:31:55'),(676,667,'保暖防护',1,9,0,NULL,NULL,'2014-10-15 18:31:55','2014-10-15 18:31:55'),(677,667,'帘艺隔断',1,10,0,NULL,NULL,'2014-10-15 18:31:55','2014-10-15 18:31:55'),(678,667,'墙贴/装饰贴',1,11,0,NULL,NULL,'2014-10-15 18:31:55','2014-10-15 18:31:55'),(679,667,'钟饰',1,12,0,NULL,NULL,'2014-10-15 18:31:55','2014-10-15 18:31:55'),(680,667,'花瓶花艺',1,13,0,NULL,NULL,'2014-10-15 18:31:55','2014-10-15 18:31:55'),(681,667,'香薰蜡烛',1,14,0,NULL,NULL,'2014-10-15 18:31:55','2014-10-15 18:31:55'),(682,667,'创意家居',1,15,0,NULL,NULL,'2014-10-15 18:31:55','2014-10-15 18:31:55'),(683,633,'清洁用品',1,5,1,NULL,NULL,'2014-10-15 18:31:55','2014-10-15 18:31:55'),(684,683,'纸品湿巾',1,1,0,NULL,NULL,'2014-10-15 18:31:55','2014-10-15 18:31:55'),(685,683,'衣物清洁',1,2,0,NULL,NULL,'2014-10-15 18:31:55','2014-10-15 18:31:55'),(686,683,'清洁工具',1,3,0,NULL,NULL,'2014-10-15 18:31:55','2014-10-15 18:31:55'),(687,683,'驱虫用品',1,4,0,NULL,NULL,'2014-10-15 18:31:55','2014-10-15 18:31:55'),(688,683,'家庭清洁',1,5,0,NULL,NULL,'2014-10-15 18:31:55','2014-10-15 18:31:55'),(689,683,'皮具护理',1,6,0,NULL,NULL,'2014-10-15 18:31:55','2014-10-15 18:31:55'),(690,683,'一次性用品',1,7,0,NULL,NULL,'2014-10-15 18:31:55','2014-10-15 18:31:55'),(691,633,'宠物生活',1,6,1,NULL,NULL,'2014-10-15 18:31:55','2014-10-15 18:31:55'),(692,691,'宠物主粮',1,1,0,NULL,NULL,'2014-10-15 18:31:55','2014-10-15 18:31:55'),(693,691,'宠物零食',1,2,0,NULL,NULL,'2014-10-15 18:31:55','2014-10-15 18:31:55'),(694,691,'医疗保健',1,3,0,NULL,NULL,'2014-10-15 18:31:55','2014-10-15 18:31:55'),(695,691,'家居日用',1,4,0,NULL,NULL,'2014-10-15 18:31:55','2014-10-15 18:31:55'),(696,691,'宠物玩具',1,5,0,NULL,NULL,'2014-10-15 18:31:55','2014-10-15 18:31:55'),(697,691,'出行装备',1,6,0,NULL,NULL,'2014-10-15 18:31:55','2014-10-15 18:31:55'),(698,691,'洗护美容',1,7,0,NULL,NULL,'2014-10-15 18:31:55','2014-10-15 18:31:55'),(699,0,'厨具',1,13,1,NULL,NULL,'2014-10-15 18:31:55','2014-10-15 18:31:55'),(700,699,'烹饪锅具',1,1,1,NULL,NULL,'2014-10-15 18:31:55','2014-10-15 18:31:55'),(701,700,'炒锅',1,1,0,NULL,NULL,'2014-10-15 18:31:55','2014-10-15 18:31:55'),(702,700,'煎锅',1,2,0,NULL,NULL,'2014-10-15 18:31:55','2014-10-15 18:31:55'),(703,700,'压力锅',1,3,0,NULL,NULL,'2014-10-15 18:31:55','2014-10-15 18:31:55'),(704,700,'蒸锅',1,4,0,NULL,NULL,'2014-10-15 18:31:55','2014-10-15 18:31:55'),(705,700,'汤锅',1,5,0,NULL,NULL,'2014-10-15 18:31:55','2014-10-15 18:31:55'),(706,700,'奶锅',1,6,0,NULL,NULL,'2014-10-15 18:31:55','2014-10-15 18:31:55'),(707,700,'锅具套装',1,7,0,NULL,NULL,'2014-10-15 18:31:55','2014-10-15 18:31:55'),(708,700,'煲类',1,8,0,NULL,NULL,'2014-10-15 18:31:55','2014-10-15 18:31:55'),(709,700,'水壶',1,9,0,NULL,NULL,'2014-10-15 18:31:55','2014-10-15 18:31:55'),(710,700,'火锅',1,10,0,NULL,NULL,'2014-10-15 18:31:55','2014-10-15 18:31:55'),(711,699,'刀剪菜板',1,2,1,NULL,NULL,'2014-10-15 18:31:55','2014-10-15 18:31:55'),(712,711,'菜刀',1,1,0,NULL,NULL,'2014-10-15 18:31:55','2014-10-15 18:31:55'),(713,711,'剪刀',1,2,0,NULL,NULL,'2014-10-15 18:31:55','2014-10-15 18:31:55'),(714,711,'刀具套装',1,3,0,NULL,NULL,'2014-10-15 18:31:55','2014-10-15 18:31:55'),(715,711,'砧板',1,4,0,NULL,NULL,'2014-10-15 18:31:55','2014-10-15 18:31:55'),(716,711,'瓜果刀/刨',1,5,0,NULL,NULL,'2014-10-15 18:31:55','2014-10-15 18:31:55'),(717,711,'多功能刀',1,6,0,NULL,NULL,'2014-10-15 18:31:55','2014-10-15 18:31:55'),(718,699,'厨房配件',1,3,1,NULL,NULL,'2014-10-15 18:31:55','2014-10-15 18:31:55'),(719,718,'保鲜盒',1,1,0,NULL,NULL,'2014-10-15 18:31:55','2014-10-15 18:31:55'),(720,718,'烘焙/烧烤',1,2,0,NULL,NULL,'2014-10-15 18:31:55','2014-10-15 18:31:55'),(721,718,'饭盒/提锅',1,3,0,NULL,NULL,'2014-10-15 18:31:55','2014-10-15 18:31:55'),(722,718,'储物/置物架',1,4,0,NULL,NULL,'2014-10-15 18:31:55','2014-10-15 18:31:55'),(723,718,'厨房DIY/小工具',1,5,0,NULL,NULL,'2014-10-15 18:31:55','2014-10-15 18:31:55'),(724,699,'水具酒具',1,4,1,NULL,NULL,'2014-10-15 18:31:55','2014-10-15 18:31:55'),(725,724,'塑料杯',1,1,0,NULL,NULL,'2014-10-15 18:31:55','2014-10-15 18:31:55'),(726,724,'运动水壶',1,2,0,NULL,NULL,'2014-10-15 18:31:55','2014-10-15 18:31:55'),(727,724,'玻璃杯',1,3,0,NULL,NULL,'2014-10-15 18:31:55','2014-10-15 18:31:55'),(728,724,'陶瓷/马克杯',1,4,0,NULL,NULL,'2014-10-15 18:31:55','2014-10-15 18:31:55'),(729,724,'保温杯',1,5,0,NULL,NULL,'2014-10-15 18:31:55','2014-10-15 18:31:55'),(730,724,'保温壶',1,6,0,NULL,NULL,'2014-10-15 18:31:55','2014-10-15 18:31:55'),(731,724,'酒杯/酒具',1,7,0,NULL,NULL,'2014-10-15 18:31:55','2014-10-15 18:31:55'),(732,724,'杯具套装',1,8,0,NULL,NULL,'2014-10-15 18:31:55','2014-10-15 18:31:55'),(733,699,'餐具',1,5,1,NULL,NULL,'2014-10-15 18:31:55','2014-10-15 18:31:55'),(734,733,'餐具套装',1,1,0,NULL,NULL,'2014-10-15 18:31:55','2014-10-15 18:31:55'),(735,733,'碗/碟/盘',1,2,0,NULL,NULL,'2014-10-15 18:31:55','2014-10-15 18:31:55'),(736,733,'筷勺/刀叉',1,3,0,NULL,NULL,'2014-10-15 18:31:55','2014-10-15 18:31:55'),(737,733,'一次性用品',1,4,0,NULL,NULL,'2014-10-15 18:31:55','2014-10-15 18:31:55'),(738,733,'果盘/果篮',1,5,0,NULL,NULL,'2014-10-15 18:31:55','2014-10-15 18:31:55'),(739,699,'茶具/咖啡具',1,6,1,NULL,NULL,'2014-10-15 18:31:55','2014-10-15 18:31:55'),(740,739,'整套茶具',1,1,0,NULL,NULL,'2014-10-15 18:31:55','2014-10-15 18:31:55'),(741,739,'茶杯',1,2,0,NULL,NULL,'2014-10-15 18:31:55','2014-10-15 18:31:55'),(742,739,'茶壶',1,3,0,NULL,NULL,'2014-10-15 18:31:55','2014-10-15 18:31:55'),(743,739,'茶盘茶托',1,4,0,NULL,NULL,'2014-10-15 18:31:55','2014-10-15 18:31:55'),(744,739,'茶叶罐',1,5,0,NULL,NULL,'2014-10-15 18:31:55','2014-10-15 18:31:55'),(745,739,'茶具配件',1,6,0,NULL,NULL,'2014-10-15 18:31:55','2014-10-15 18:31:55'),(746,739,'茶宠摆件',1,7,0,NULL,NULL,'2014-10-15 18:31:55','2014-10-15 18:31:55'),(747,739,'咖啡具',1,8,0,NULL,NULL,'2014-10-15 18:31:55','2014-10-15 18:31:55'),(748,739,'其他',1,9,0,NULL,NULL,'2014-10-15 18:31:55','2014-10-15 18:31:55'),(749,0,'服饰内衣',1,14,1,NULL,NULL,'2014-10-15 18:31:55','2014-10-15 18:31:55'),(750,749,'女装',1,1,1,NULL,NULL,'2014-10-15 18:31:55','2014-10-15 18:31:55'),(751,750,'T恤',1,1,0,NULL,NULL,'2014-10-15 18:31:55','2014-10-15 18:31:55'),(752,750,'衬衫',1,2,0,NULL,NULL,'2014-10-15 18:31:55','2014-10-15 18:31:55'),(753,750,'针织衫',1,3,0,NULL,NULL,'2014-10-15 18:31:55','2014-10-15 18:31:55'),(754,750,'雪纺衫',1,4,0,NULL,NULL,'2014-10-15 18:31:55','2014-10-15 18:31:55'),(755,750,'卫衣',1,5,0,NULL,NULL,'2014-10-15 18:31:55','2014-10-15 18:31:55'),(756,750,'马甲',1,6,0,NULL,NULL,'2014-10-15 18:31:55','2014-10-15 18:31:55'),(757,750,'连衣裙',1,7,0,NULL,NULL,'2014-10-15 18:31:55','2014-10-15 18:31:55'),(758,750,'半身裙',1,8,0,NULL,NULL,'2014-10-15 18:31:55','2014-10-15 18:31:55'),(759,750,'牛仔裤',1,9,0,NULL,NULL,'2014-10-15 18:31:55','2014-10-15 18:31:55'),(760,750,'休闲裤',1,10,0,NULL,NULL,'2014-10-15 18:31:55','2014-10-15 18:31:55'),(761,750,'打底裤',1,11,0,NULL,NULL,'2014-10-15 18:31:55','2014-10-15 18:31:55'),(762,750,'正装裤',1,12,0,NULL,NULL,'2014-10-15 18:31:55','2014-10-15 18:31:55'),(763,750,'小西装',1,13,0,NULL,NULL,'2014-10-15 18:31:55','2014-10-15 18:31:55'),(764,750,'短外套',1,14,0,NULL,NULL,'2014-10-15 18:31:55','2014-10-15 18:31:55'),(765,750,'风衣',1,15,0,NULL,NULL,'2014-10-15 18:31:55','2014-10-15 18:31:55'),(766,750,'毛呢大衣',1,16,0,NULL,NULL,'2014-10-15 18:31:55','2014-10-15 18:31:55'),(767,750,'真皮皮衣',1,17,0,NULL,NULL,'2014-10-15 18:31:55','2014-10-15 18:31:55'),(768,750,'棉服',1,18,0,NULL,NULL,'2014-10-15 18:31:55','2014-10-15 18:31:55'),(769,750,'羽绒服',1,19,0,NULL,NULL,'2014-10-15 18:31:55','2014-10-15 18:31:55'),(770,750,'大码女装',1,20,0,NULL,NULL,'2014-10-15 18:31:55','2014-10-15 18:31:55'),(771,750,'中老年女装',1,21,0,NULL,NULL,'2014-10-15 18:31:55','2014-10-15 18:31:55'),(772,750,'婚纱',1,22,0,NULL,NULL,'2014-10-15 18:31:55','2014-10-15 18:31:55'),(773,750,'打底衫',1,23,0,NULL,NULL,'2014-10-15 18:31:55','2014-10-15 18:31:55'),(774,750,'旗袍/唐装',1,24,0,NULL,NULL,'2014-10-15 18:31:55','2014-10-15 18:31:55'),(775,750,'加绒裤',1,25,0,NULL,NULL,'2014-10-15 18:31:55','2014-10-15 18:31:55'),(776,750,'吊带/背心',1,26,0,NULL,NULL,'2014-10-15 18:31:55','2014-10-15 18:31:55'),(777,750,'羊绒衫',1,27,0,NULL,NULL,'2014-10-15 18:31:55','2014-10-15 18:31:55'),(778,750,'短裤',1,28,0,NULL,NULL,'2014-10-15 18:31:55','2014-10-15 18:31:55'),(779,750,'皮草',1,29,0,NULL,NULL,'2014-10-15 18:31:55','2014-10-15 18:31:55'),(780,750,'礼服',1,30,0,NULL,NULL,'2014-10-15 18:31:55','2014-10-15 18:31:55'),(781,750,'仿皮皮衣',1,31,0,NULL,NULL,'2014-10-15 18:31:55','2014-10-15 18:31:55'),(782,750,'羊毛衫',1,32,0,NULL,NULL,'2014-10-15 18:31:55','2014-10-15 18:31:55'),(783,750,'设计师/潮牌',1,33,0,NULL,NULL,'2014-10-15 18:31:55','2014-10-15 18:31:55'),(784,749,'男装',1,2,1,NULL,NULL,'2014-10-15 18:31:55','2014-10-15 18:31:55'),(785,784,'衬衫',1,1,0,NULL,NULL,'2014-10-15 18:31:55','2014-10-15 18:31:55'),(786,784,'T恤',1,2,0,NULL,NULL,'2014-10-15 18:31:55','2014-10-15 18:31:55'),(787,784,'POLO衫',1,3,0,NULL,NULL,'2014-10-15 18:31:55','2014-10-15 18:31:55'),(788,784,'针织衫',1,4,0,NULL,NULL,'2014-10-15 18:31:55','2014-10-15 18:31:55'),(789,784,'羊绒衫',1,5,0,NULL,NULL,'2014-10-15 18:31:55','2014-10-15 18:31:55'),(790,784,'卫衣',1,6,0,NULL,NULL,'2014-10-15 18:31:55','2014-10-15 18:31:55'),(791,784,'马甲/背心',1,7,0,NULL,NULL,'2014-10-15 18:31:55','2014-10-15 18:31:55'),(792,784,'夹克',1,8,0,NULL,NULL,'2014-10-15 18:31:55','2014-10-15 18:31:55'),(793,784,'风衣',1,9,0,NULL,NULL,'2014-10-15 18:31:55','2014-10-15 18:31:55'),(794,784,'毛呢大衣',1,10,0,NULL,NULL,'2014-10-15 18:31:55','2014-10-15 18:31:55'),(795,784,'仿皮皮衣',1,11,0,NULL,NULL,'2014-10-15 18:31:55','2014-10-15 18:31:55'),(796,784,'西服',1,12,0,NULL,NULL,'2014-10-15 18:31:55','2014-10-15 18:31:55'),(797,784,'棉服',1,13,0,NULL,NULL,'2014-10-15 18:31:55','2014-10-15 18:31:55'),(798,784,'羽绒服',1,14,0,NULL,NULL,'2014-10-15 18:31:55','2014-10-15 18:31:55'),(799,784,'牛仔裤',1,15,0,NULL,NULL,'2014-10-15 18:31:55','2014-10-15 18:31:55'),(800,784,'休闲裤',1,16,0,NULL,NULL,'2014-10-15 18:31:55','2014-10-15 18:31:55'),(801,784,'西裤',1,17,0,NULL,NULL,'2014-10-15 18:31:55','2014-10-15 18:31:55'),(802,784,'西服套装',1,18,0,NULL,NULL,'2014-10-15 18:31:55','2014-10-15 18:31:55'),(803,784,'大码男装',1,19,0,NULL,NULL,'2014-10-15 18:31:55','2014-10-15 18:31:55'),(804,784,'中老年男装',1,20,0,NULL,NULL,'2014-10-15 18:31:55','2014-10-15 18:31:55'),(805,784,'唐装/中山装',1,21,0,NULL,NULL,'2014-10-15 18:31:55','2014-10-15 18:31:55'),(806,784,'工装',1,22,0,NULL,NULL,'2014-10-15 18:31:55','2014-10-15 18:31:55'),(807,784,'真皮皮衣',1,23,0,NULL,NULL,'2014-10-15 18:31:55','2014-10-15 18:31:55'),(808,784,'加绒裤',1,24,0,NULL,NULL,'2014-10-15 18:31:55','2014-10-15 18:31:55'),(809,784,'卫裤/运动裤',1,25,0,NULL,NULL,'2014-10-15 18:31:55','2014-10-15 18:31:55'),(810,784,'短裤',1,26,0,NULL,NULL,'2014-10-15 18:31:55','2014-10-15 18:31:55'),(811,784,'设计师/潮牌',1,27,0,NULL,NULL,'2014-10-15 18:31:55','2014-10-15 18:31:55'),(812,784,'羊毛衫',1,28,0,NULL,NULL,'2014-10-15 18:31:55','2014-10-15 18:31:55'),(813,749,'内衣',1,3,1,NULL,NULL,'2014-10-15 18:31:55','2014-10-15 18:31:55'),(814,813,'文胸',1,1,0,NULL,NULL,'2014-10-15 18:31:55','2014-10-15 18:31:55'),(815,813,'女式内裤',1,2,0,NULL,NULL,'2014-10-15 18:31:55','2014-10-15 18:31:55'),(816,813,'男式内裤',1,3,0,NULL,NULL,'2014-10-15 18:31:55','2014-10-15 18:31:55'),(817,813,'睡衣/家居服',1,4,0,NULL,NULL,'2014-10-15 18:31:55','2014-10-15 18:31:55'),(818,813,'塑身美体',1,5,0,NULL,NULL,'2014-10-15 18:31:55','2014-10-15 18:31:55'),(819,813,'泳衣',1,6,0,NULL,NULL,'2014-10-15 18:31:55','2014-10-15 18:31:55'),(820,813,'吊带/背心',1,7,0,NULL,NULL,'2014-10-15 18:31:55','2014-10-15 18:31:55'),(821,813,'抹胸',1,8,0,NULL,NULL,'2014-10-15 18:31:55','2014-10-15 18:31:55'),(822,813,'连裤袜/丝袜',1,9,0,NULL,NULL,'2014-10-15 18:31:55','2014-10-15 18:31:55'),(823,813,'美腿袜',1,10,0,NULL,NULL,'2014-10-15 18:31:55','2014-10-15 18:31:55'),(824,813,'商务男袜',1,11,0,NULL,NULL,'2014-10-15 18:31:55','2014-10-15 18:31:55'),(825,813,'保暖内衣',1,12,0,NULL,NULL,'2014-10-15 18:31:55','2014-10-15 18:31:55'),(826,813,'情侣睡衣',1,13,0,NULL,NULL,'2014-10-15 18:31:55','2014-10-15 18:31:55'),(827,813,'文胸套装',1,14,0,NULL,NULL,'2014-10-15 18:31:55','2014-10-15 18:31:55'),(828,813,'少女文胸',1,15,0,NULL,NULL,'2014-10-15 18:31:55','2014-10-15 18:31:55'),(829,813,'休闲棉袜',1,16,0,NULL,NULL,'2014-10-15 18:31:55','2014-10-15 18:31:55'),(830,813,'大码内衣',1,17,0,NULL,NULL,'2014-10-15 18:31:55','2014-10-15 18:31:55'),(831,813,'内衣配件',1,18,0,NULL,NULL,'2014-10-15 18:31:55','2014-10-15 18:31:55'),(832,813,'打底裤袜',1,19,0,NULL,NULL,'2014-10-15 18:31:55','2014-10-15 18:31:55'),(833,813,'打底衫',1,20,0,NULL,NULL,'2014-10-15 18:31:55','2014-10-15 18:31:55'),(834,813,'秋衣秋裤',1,21,0,NULL,NULL,'2014-10-15 18:31:55','2014-10-15 18:31:55'),(835,813,'情趣内衣',1,22,0,NULL,NULL,'2014-10-15 18:31:55','2014-10-15 18:31:55'),(836,749,'服饰配件',1,4,1,NULL,NULL,'2014-10-15 18:31:55','2014-10-15 18:31:55'),(837,836,'太阳镜',1,1,0,NULL,NULL,'2014-10-15 18:31:55','2014-10-15 18:31:55'),(838,836,'光学镜架/镜片',1,2,0,NULL,NULL,'2014-10-15 18:31:55','2014-10-15 18:31:55'),(839,836,'围巾/手套/帽子套装',1,3,0,NULL,NULL,'2014-10-15 18:31:55','2014-10-15 18:31:55'),(840,836,'袖扣',1,4,0,NULL,NULL,'2014-10-15 18:31:55','2014-10-15 18:31:55'),(841,836,'棒球帽',1,5,0,NULL,NULL,'2014-10-15 18:31:55','2014-10-15 18:31:55'),(842,836,'毛线帽',1,6,0,NULL,NULL,'2014-10-15 18:31:55','2014-10-15 18:31:55'),(843,836,'遮阳帽',1,7,0,NULL,NULL,'2014-10-15 18:31:55','2014-10-15 18:31:55'),(844,836,'老花镜',1,8,0,NULL,NULL,'2014-10-15 18:31:55','2014-10-15 18:31:55'),(845,836,'装饰眼镜',1,9,0,NULL,NULL,'2014-10-15 18:31:55','2014-10-15 18:31:55'),(846,836,'防辐射眼镜',1,10,0,NULL,NULL,'2014-10-15 18:31:55','2014-10-15 18:31:55'),(847,836,'游泳镜',1,11,0,NULL,NULL,'2014-10-15 18:31:55','2014-10-15 18:31:55'),(848,836,'女士丝巾/围巾/披肩',1,12,0,NULL,NULL,'2014-10-15 18:31:55','2014-10-15 18:31:55'),(849,836,'男士丝巾/围巾',1,13,0,NULL,NULL,'2014-10-15 18:31:55','2014-10-15 18:31:55'),(850,836,'鸭舌帽',1,14,0,NULL,NULL,'2014-10-15 18:31:55','2014-10-15 18:31:55'),(851,836,'贝雷帽',1,15,0,NULL,NULL,'2014-10-15 18:31:55','2014-10-15 18:31:55'),(852,836,'礼帽',1,16,0,NULL,NULL,'2014-10-15 18:31:55','2014-10-15 18:31:55'),(853,836,'真皮手套',1,17,0,NULL,NULL,'2014-10-15 18:31:55','2014-10-15 18:31:55'),(854,836,'毛线手套',1,18,0,NULL,NULL,'2014-10-15 18:31:55','2014-10-15 18:31:55'),(855,836,'防晒手套',1,19,0,NULL,NULL,'2014-10-15 18:31:55','2014-10-15 18:31:55'),(856,836,'男士腰带/礼盒',1,20,0,NULL,NULL,'2014-10-15 18:31:55','2014-10-15 18:31:55'),(857,836,'女士腰带/礼盒',1,21,0,NULL,NULL,'2014-10-15 18:31:55','2014-10-15 18:31:55'),(858,836,'钥匙扣',1,22,0,NULL,NULL,'2014-10-15 18:31:55','2014-10-15 18:31:55'),(859,836,'遮阳伞/雨伞',1,23,0,NULL,NULL,'2014-10-15 18:31:55','2014-10-15 18:31:55'),(860,836,'口罩',1,24,0,NULL,NULL,'2014-10-15 18:31:55','2014-10-15 18:31:55'),(861,836,'耳罩/耳包',1,25,0,NULL,NULL,'2014-10-15 18:31:55','2014-10-15 18:31:55'),(862,836,'假领',1,26,0,NULL,NULL,'2014-10-15 18:31:55','2014-10-15 18:31:55'),(863,836,'毛线/布面料',1,27,0,NULL,NULL,'2014-10-15 18:31:55','2014-10-15 18:31:55'),(864,836,'领带/领结/领带夹',1,28,0,NULL,NULL,'2014-10-15 18:31:55','2014-10-15 18:31:55'),(865,0,'鞋靴',1,15,1,NULL,NULL,'2014-10-15 18:31:55','2014-10-15 18:31:55'),(866,865,'流行男鞋',1,1,1,NULL,NULL,'2014-10-15 18:31:55','2014-10-15 18:31:55'),(867,866,'商务休闲鞋',1,1,0,NULL,NULL,'2014-10-15 18:31:55','2014-10-15 18:31:55'),(868,866,'正装鞋',1,2,0,NULL,NULL,'2014-10-15 18:31:55','2014-10-15 18:31:55'),(869,866,'休闲鞋',1,3,0,NULL,NULL,'2014-10-15 18:31:55','2014-10-15 18:31:55'),(870,866,'凉鞋/沙滩鞋',1,4,0,NULL,NULL,'2014-10-15 18:31:55','2014-10-15 18:31:55'),(871,866,'男靴',1,5,0,NULL,NULL,'2014-10-15 18:31:55','2014-10-15 18:31:55'),(872,866,'功能鞋',1,6,0,NULL,NULL,'2014-10-15 18:31:55','2014-10-15 18:31:55'),(873,866,'拖鞋/人字拖',1,7,0,NULL,NULL,'2014-10-15 18:31:55','2014-10-15 18:31:55'),(874,866,'雨鞋/雨靴',1,8,0,NULL,NULL,'2014-10-15 18:31:55','2014-10-15 18:31:55'),(875,866,'传统布鞋',1,9,0,NULL,NULL,'2014-10-15 18:31:55','2014-10-15 18:31:55'),(876,866,'鞋配件',1,10,0,NULL,NULL,'2014-10-15 18:31:55','2014-10-15 18:31:55'),(877,866,'帆布鞋',1,11,0,NULL,NULL,'2014-10-15 18:31:55','2014-10-15 18:31:55'),(878,866,'增高鞋',1,12,0,NULL,NULL,'2014-10-15 18:31:55','2014-10-15 18:31:55'),(879,866,'工装鞋',1,13,0,NULL,NULL,'2014-10-15 18:31:55','2014-10-15 18:31:55'),(880,866,'定制鞋',1,14,0,NULL,NULL,'2014-10-15 18:31:55','2014-10-15 18:31:55'),(881,865,'时尚女鞋',1,2,1,NULL,NULL,'2014-10-15 18:31:55','2014-10-15 18:31:55'),(882,881,'高跟鞋',1,1,0,NULL,NULL,'2014-10-15 18:31:55','2014-10-15 18:31:55'),(883,881,'单鞋',1,2,0,NULL,NULL,'2014-10-15 18:31:55','2014-10-15 18:31:55'),(884,881,'休闲鞋',1,3,0,NULL,NULL,'2014-10-15 18:31:55','2014-10-15 18:31:55'),(885,881,'凉鞋',1,4,0,NULL,NULL,'2014-10-15 18:31:55','2014-10-15 18:31:55'),(886,881,'女靴',1,5,0,NULL,NULL,'2014-10-15 18:31:55','2014-10-15 18:31:55'),(887,881,'雪地靴',1,6,0,NULL,NULL,'2014-10-15 18:31:55','2014-10-15 18:31:55'),(888,881,'拖鞋/人字拖',1,7,0,NULL,NULL,'2014-10-15 18:31:55','2014-10-15 18:31:55'),(889,881,'踝靴',1,8,0,NULL,NULL,'2014-10-15 18:31:55','2014-10-15 18:31:55'),(890,881,'筒靴',1,9,0,NULL,NULL,'2014-10-15 18:31:55','2014-10-15 18:31:55'),(891,881,'帆布鞋',1,10,0,NULL,NULL,'2014-10-15 18:31:55','2014-10-15 18:31:55'),(892,881,'雨鞋/雨靴',1,11,0,NULL,NULL,'2014-10-15 18:31:55','2014-10-15 18:31:55'),(893,881,'妈妈鞋',1,12,0,NULL,NULL,'2014-10-15 18:31:55','2014-10-15 18:31:55'),(894,881,'鞋配件',1,13,0,NULL,NULL,'2014-10-15 18:31:55','2014-10-15 18:31:55'),(895,881,'特色鞋',1,14,0,NULL,NULL,'2014-10-15 18:31:55','2014-10-15 18:31:55'),(896,881,'鱼嘴鞋',1,15,0,NULL,NULL,'2014-10-15 18:31:55','2014-10-15 18:31:55'),(897,881,'布鞋/绣花鞋',1,16,0,NULL,NULL,'2014-10-15 18:31:55','2014-10-15 18:31:55'),(898,881,'马丁靴',1,17,0,NULL,NULL,'2014-10-15 18:31:55','2014-10-15 18:31:55'),(899,881,'坡跟鞋',1,18,0,NULL,NULL,'2014-10-15 18:31:55','2014-10-15 18:31:55'),(900,881,'松糕鞋',1,19,0,NULL,NULL,'2014-10-15 18:31:55','2014-10-15 18:31:55'),(901,881,'内增高',1,20,0,NULL,NULL,'2014-10-15 18:31:55','2014-10-15 18:31:55'),(902,881,'防水台',1,21,0,NULL,NULL,'2014-10-15 18:31:55','2014-10-15 18:31:55'),(903,0,'礼品箱包',1,16,1,NULL,NULL,'2014-10-15 18:31:55','2014-10-15 18:31:55'),(904,903,'潮流女包',1,1,1,NULL,NULL,'2014-10-15 18:31:55','2014-10-15 18:31:55'),(905,904,'钱包',1,1,0,NULL,NULL,'2014-10-15 18:31:55','2014-10-15 18:31:55'),(906,904,'手拿包/晚宴包',1,2,0,NULL,NULL,'2014-10-15 18:31:55','2014-10-15 18:31:55'),(907,904,'单肩包',1,3,0,NULL,NULL,'2014-10-15 18:31:55','2014-10-15 18:31:55'),(908,904,'双肩包',1,4,0,NULL,NULL,'2014-10-15 18:31:55','2014-10-15 18:31:55'),(909,904,'手提包',1,5,0,NULL,NULL,'2014-10-15 18:31:55','2014-10-15 18:31:55'),(910,904,'斜挎包',1,6,0,NULL,NULL,'2014-10-15 18:31:55','2014-10-15 18:31:55'),(911,904,'钥匙包',1,7,0,NULL,NULL,'2014-10-15 18:31:55','2014-10-15 18:31:55'),(912,904,'卡包/零钱包',1,8,0,NULL,NULL,'2014-10-15 18:31:55','2014-10-15 18:31:55'),(913,903,'精品男包',1,2,1,NULL,NULL,'2014-10-15 18:31:55','2014-10-15 18:31:55'),(914,913,'钱包/卡包',1,1,0,NULL,NULL,'2014-10-15 18:31:55','2014-10-15 18:31:55'),(915,913,'男士手包',1,2,0,NULL,NULL,'2014-10-15 18:31:55','2014-10-15 18:31:55'),(916,913,'商务公文包',1,3,0,NULL,NULL,'2014-10-15 18:31:55','2014-10-15 18:31:55'),(917,913,'双肩包',1,4,0,NULL,NULL,'2014-10-15 18:31:55','2014-10-15 18:31:55'),(918,913,'单肩/斜挎包',1,5,0,NULL,NULL,'2014-10-15 18:31:55','2014-10-15 18:31:55'),(919,913,'钥匙包',1,6,0,NULL,NULL,'2014-10-15 18:31:55','2014-10-15 18:31:55'),(920,903,'功能箱包',1,3,1,NULL,NULL,'2014-10-15 18:31:55','2014-10-15 18:31:55'),(921,920,'电脑包',1,1,0,NULL,NULL,'2014-10-15 18:31:55','2014-10-15 18:31:55'),(922,920,'拉杆箱/拉杆包',1,2,0,NULL,NULL,'2014-10-15 18:31:55','2014-10-15 18:31:55'),(923,920,'旅行包',1,3,0,NULL,NULL,'2014-10-15 18:31:55','2014-10-15 18:31:55'),(924,920,'旅行配件',1,4,0,NULL,NULL,'2014-10-15 18:31:55','2014-10-15 18:31:55'),(925,920,'休闲运动包',1,5,0,NULL,NULL,'2014-10-15 18:31:55','2014-10-15 18:31:55'),(926,920,'登山包',1,6,0,NULL,NULL,'2014-10-15 18:31:55','2014-10-15 18:31:55'),(927,920,'妈咪包',1,7,0,NULL,NULL,'2014-10-15 18:31:55','2014-10-15 18:31:55'),(928,920,'书包',1,8,0,NULL,NULL,'2014-10-15 18:31:55','2014-10-15 18:31:55'),(929,920,'相机包',1,9,0,NULL,NULL,'2014-10-15 18:31:55','2014-10-15 18:31:55'),(930,920,'腰包/胸包',1,10,0,NULL,NULL,'2014-10-15 18:31:55','2014-10-15 18:31:55'),(931,903,'礼品',1,4,1,NULL,NULL,'2014-10-15 18:31:55','2014-10-15 18:31:55'),(932,931,'火机烟具',1,1,0,NULL,NULL,'2014-10-15 18:31:55','2014-10-15 18:31:55'),(933,931,'礼品文具',1,2,0,NULL,NULL,'2014-10-15 18:31:55','2014-10-15 18:31:55'),(934,931,'军刀军具',1,3,0,NULL,NULL,'2014-10-15 18:31:55','2014-10-15 18:31:55'),(935,931,'收藏品',1,4,0,NULL,NULL,'2014-10-15 18:31:55','2014-10-15 18:31:55'),(936,931,'工艺礼品',1,5,0,NULL,NULL,'2014-10-15 18:31:55','2014-10-15 18:31:55'),(937,931,'创意礼品',1,6,0,NULL,NULL,'2014-10-15 18:31:55','2014-10-15 18:31:55'),(938,931,'礼盒礼券',1,7,0,NULL,NULL,'2014-10-15 18:31:55','2014-10-15 18:31:55'),(939,931,'鲜花绿植',1,8,0,NULL,NULL,'2014-10-15 18:31:55','2014-10-15 18:31:55'),(940,931,'婚庆用品',1,9,0,NULL,NULL,'2014-10-15 18:31:55','2014-10-15 18:31:55'),(941,931,'京东卡',1,10,0,NULL,NULL,'2014-10-15 18:31:55','2014-10-15 18:31:55'),(942,931,'美妆礼品',1,11,0,NULL,NULL,'2014-10-15 18:31:55','2014-10-15 18:31:55'),(943,931,'地方礼品',1,12,0,NULL,NULL,'2014-10-15 18:31:55','2014-10-15 18:31:55'),(944,931,'古董把玩',1,13,0,NULL,NULL,'2014-10-15 18:31:55','2014-10-15 18:31:55'),(945,903,'奢侈品',1,5,1,NULL,NULL,'2014-10-15 18:31:55','2014-10-15 18:31:55'),(946,945,'箱包',1,1,0,NULL,NULL,'2014-10-15 18:31:55','2014-10-15 18:31:55'),(947,945,'钱包',1,2,0,NULL,NULL,'2014-10-15 18:31:55','2014-10-15 18:31:55'),(948,945,'服饰',1,3,0,NULL,NULL,'2014-10-15 18:31:55','2014-10-15 18:31:55'),(949,945,'腰带',1,4,0,NULL,NULL,'2014-10-15 18:31:55','2014-10-15 18:31:55'),(950,945,'太阳镜/眼镜框',1,5,0,NULL,NULL,'2014-10-15 18:31:55','2014-10-15 18:31:55'),(951,945,'配件',1,6,0,NULL,NULL,'2014-10-15 18:31:55','2014-10-15 18:31:55'),(952,945,'鞋靴',1,7,0,NULL,NULL,'2014-10-15 18:31:55','2014-10-15 18:31:55'),(953,945,'饰品',1,8,0,NULL,NULL,'2014-10-15 18:31:55','2014-10-15 18:31:55'),(954,945,'名品腕表',1,9,0,NULL,NULL,'2014-10-15 18:31:55','2014-10-15 18:31:55'),(955,945,'高档化妆品',1,10,0,NULL,NULL,'2014-10-15 18:31:55','2014-10-15 18:31:55'),(956,903,'婚庆',1,6,1,NULL,NULL,'2014-10-15 18:31:55','2014-10-15 18:31:55'),(957,956,'婚嫁首饰',1,1,0,NULL,NULL,'2014-10-15 18:31:55','2014-10-15 18:31:55'),(958,956,'婚纱摄影',1,2,0,NULL,NULL,'2014-10-15 18:31:55','2014-10-15 18:31:55'),(959,956,'婚纱礼服',1,3,0,NULL,NULL,'2014-10-15 18:31:55','2014-10-15 18:31:55'),(960,956,'婚庆服务',1,4,0,NULL,NULL,'2014-10-15 18:31:55','2014-10-15 18:31:55'),(961,956,'婚庆礼品/用品',1,5,0,NULL,NULL,'2014-10-15 18:31:55','2014-10-15 18:31:55'),(962,956,'婚宴',1,6,0,NULL,NULL,'2014-10-15 18:31:55','2014-10-15 18:31:55'),(963,0,'珠宝',1,17,1,NULL,NULL,'2014-10-15 18:31:55','2014-10-15 18:31:55'),(964,963,'时尚饰品',1,1,1,NULL,NULL,'2014-10-15 18:31:55','2014-10-15 18:31:55'),(965,964,'项链',1,1,0,NULL,NULL,'2014-10-15 18:31:55','2014-10-15 18:31:55'),(966,964,'手链/脚链',1,2,0,NULL,NULL,'2014-10-15 18:31:55','2014-10-15 18:31:55'),(967,964,'戒指',1,3,0,NULL,NULL,'2014-10-15 18:31:55','2014-10-15 18:31:55'),(968,964,'耳饰',1,4,0,NULL,NULL,'2014-10-15 18:31:55','2014-10-15 18:31:55'),(969,964,'头饰',1,5,0,NULL,NULL,'2014-10-15 18:31:55','2014-10-15 18:31:55'),(970,964,'胸针',1,6,0,NULL,NULL,'2014-10-15 18:31:55','2014-10-15 18:31:55'),(971,964,'婚庆饰品',1,7,0,NULL,NULL,'2014-10-15 18:31:55','2014-10-15 18:31:55'),(972,964,'饰品配件',1,8,0,NULL,NULL,'2014-10-15 18:31:55','2014-10-15 18:31:55'),(973,963,'纯金K金饰品',1,2,1,NULL,NULL,'2014-10-15 18:31:55','2014-10-15 18:31:55'),(974,973,'吊坠/项链',1,1,0,NULL,NULL,'2014-10-15 18:31:55','2014-10-15 18:31:55'),(975,973,'手镯/手链/脚链',1,2,0,NULL,NULL,'2014-10-15 18:31:55','2014-10-15 18:31:55'),(976,973,'戒指',1,3,0,NULL,NULL,'2014-10-15 18:31:55','2014-10-15 18:31:55'),(977,973,'耳饰',1,4,0,NULL,NULL,'2014-10-15 18:31:55','2014-10-15 18:31:55'),(978,963,'金银投资',1,3,1,NULL,NULL,'2014-10-15 18:31:55','2014-10-15 18:31:55'),(979,978,'工艺金',1,1,0,NULL,NULL,'2014-10-15 18:31:55','2014-10-15 18:31:55'),(980,978,'工艺银',1,2,0,NULL,NULL,'2014-10-15 18:31:55','2014-10-15 18:31:55'),(981,963,'银饰',1,4,1,NULL,NULL,'2014-10-15 18:31:55','2014-10-15 18:31:55'),(982,981,'吊坠/项链',1,1,0,NULL,NULL,'2014-10-15 18:31:55','2014-10-15 18:31:55'),(983,981,'手镯/手链/脚链',1,2,0,NULL,NULL,'2014-10-15 18:31:55','2014-10-15 18:31:55'),(984,981,'戒指/耳饰',1,3,0,NULL,NULL,'2014-10-15 18:31:55','2014-10-15 18:31:55'),(985,981,'宝宝银饰',1,4,0,NULL,NULL,'2014-10-15 18:31:55','2014-10-15 18:31:55'),(986,981,'千足银手镯',1,5,0,NULL,NULL,'2014-10-15 18:31:55','2014-10-15 18:31:55'),(987,963,'钻石',1,5,1,NULL,NULL,'2014-10-15 18:31:55','2014-10-15 18:31:55'),(988,987,'裸钻',1,1,0,NULL,NULL,'2014-10-15 18:31:55','2014-10-15 18:31:55'),(989,987,'戒指',1,2,0,NULL,NULL,'2014-10-15 18:31:55','2014-10-15 18:31:55'),(990,987,'项链/吊坠',1,3,0,NULL,NULL,'2014-10-15 18:31:55','2014-10-15 18:31:55'),(991,987,'耳饰',1,4,0,NULL,NULL,'2014-10-15 18:31:55','2014-10-15 18:31:55'),(992,987,'手镯/手链',1,5,0,NULL,NULL,'2014-10-15 18:31:55','2014-10-15 18:31:55'),(993,963,'翡翠玉石',1,6,1,NULL,NULL,'2014-10-15 18:31:55','2014-10-15 18:31:55'),(994,993,'项链/吊坠',1,1,0,NULL,NULL,'2014-10-15 18:31:55','2014-10-15 18:31:55'),(995,993,'手镯/手串',1,2,0,NULL,NULL,'2014-10-15 18:31:55','2014-10-15 18:31:55'),(996,993,'戒指',1,3,0,NULL,NULL,'2014-10-15 18:31:55','2014-10-15 18:31:55'),(997,993,'耳饰',1,4,0,NULL,NULL,'2014-10-15 18:31:55','2014-10-15 18:31:55'),(998,993,'挂件/摆件/把件',1,5,0,NULL,NULL,'2014-10-15 18:31:55','2014-10-15 18:31:55'),(999,993,'高值收藏',1,6,0,NULL,NULL,'2014-10-15 18:31:55','2014-10-15 18:31:55'),(1000,963,'水晶玛瑙',1,7,1,NULL,NULL,'2014-10-15 18:31:55','2014-10-15 18:31:55'),(1001,1000,'项链/吊坠',1,1,0,NULL,NULL,'2014-10-15 18:31:55','2014-10-15 18:31:55'),(1002,1000,'耳饰',1,2,0,NULL,NULL,'2014-10-15 18:31:55','2014-10-15 18:31:55'),(1003,1000,'手镯/手链/脚链',1,3,0,NULL,NULL,'2014-10-15 18:31:55','2014-10-15 18:31:55'),(1004,1000,'戒指',1,4,0,NULL,NULL,'2014-10-15 18:31:55','2014-10-15 18:31:55'),(1005,1000,'头饰/胸针',1,5,0,NULL,NULL,'2014-10-15 18:31:55','2014-10-15 18:31:55'),(1006,1000,'摆件/挂件',1,6,0,NULL,NULL,'2014-10-15 18:31:55','2014-10-15 18:31:55'),(1007,963,'彩宝',1,8,1,NULL,NULL,'2014-10-15 18:31:55','2014-10-15 18:31:55'),(1008,1007,'项链/吊坠',1,1,0,NULL,NULL,'2014-10-15 18:31:55','2014-10-15 18:31:55'),(1009,1007,'耳饰',1,2,0,NULL,NULL,'2014-10-15 18:31:55','2014-10-15 18:31:55'),(1010,1007,'手镯/手链',1,3,0,NULL,NULL,'2014-10-15 18:31:55','2014-10-15 18:31:55'),(1011,1007,'戒指',1,4,0,NULL,NULL,'2014-10-15 18:31:55','2014-10-15 18:31:55'),(1012,963,'铂金',1,9,1,NULL,NULL,'2014-10-15 18:31:55','2014-10-15 18:31:55'),(1013,1012,'项链/吊坠',1,1,0,NULL,NULL,'2014-10-15 18:31:55','2014-10-15 18:31:55'),(1014,1012,'手镯/手链/脚链',1,2,0,NULL,NULL,'2014-10-15 18:31:55','2014-10-15 18:31:55'),(1015,1012,'戒指',1,3,0,NULL,NULL,'2014-10-15 18:31:55','2014-10-15 18:31:55'),(1016,1012,'耳饰',1,4,0,NULL,NULL,'2014-10-15 18:31:55','2014-10-15 18:31:55'),(1017,963,'天然木饰',1,10,1,NULL,NULL,'2014-10-15 18:31:55','2014-10-15 18:31:55'),(1018,1017,'小叶紫檀',1,1,0,NULL,NULL,'2014-10-15 18:31:55','2014-10-15 18:31:55'),(1019,1017,'黄花梨',1,2,0,NULL,NULL,'2014-10-15 18:31:55','2014-10-15 18:31:55'),(1020,1017,'沉香',1,3,0,NULL,NULL,'2014-10-15 18:31:55','2014-10-15 18:31:55'),(1021,1017,'金丝楠',1,4,0,NULL,NULL,'2014-10-15 18:31:55','2014-10-15 18:31:55'),(1022,1017,'菩提',1,5,0,NULL,NULL,'2014-10-15 18:31:55','2014-10-15 18:31:55'),(1023,1017,'其他',1,6,0,NULL,NULL,'2014-10-15 18:31:55','2014-10-15 18:31:55'),(1024,963,'珍珠',1,11,1,NULL,NULL,'2014-10-15 18:31:55','2014-10-15 18:31:55'),(1025,1024,'项链',1,1,0,NULL,NULL,'2014-10-15 18:31:55','2014-10-15 18:31:55'),(1026,1024,'吊坠',1,2,0,NULL,NULL,'2014-10-15 18:31:55','2014-10-15 18:31:55'),(1027,1024,'耳饰',1,3,0,NULL,NULL,'2014-10-15 18:31:55','2014-10-15 18:31:55'),(1028,1024,'手链',1,4,0,NULL,NULL,'2014-10-15 18:31:55','2014-10-15 18:31:55'),(1029,1024,'戒指',1,5,0,NULL,NULL,'2014-10-15 18:31:55','2014-10-15 18:31:55'),(1030,1024,'胸针',1,6,0,NULL,NULL,'2014-10-15 18:31:55','2014-10-15 18:31:55'),(1031,0,'运动健康',1,18,1,NULL,NULL,'2014-10-15 18:31:55','2014-10-15 18:31:55'),(1032,1031,'运动鞋包',1,1,1,NULL,NULL,'2014-10-15 18:31:55','2014-10-15 18:31:55'),(1033,1032,'休闲鞋',1,1,0,NULL,NULL,'2014-10-15 18:31:55','2014-10-15 18:31:55'),(1034,1032,'板鞋',1,2,0,NULL,NULL,'2014-10-15 18:31:55','2014-10-15 18:31:55'),(1035,1032,'帆布鞋',1,3,0,NULL,NULL,'2014-10-15 18:31:55','2014-10-15 18:31:55'),(1036,1032,'专项运动鞋',1,4,0,NULL,NULL,'2014-10-15 18:31:55','2014-10-15 18:31:55'),(1037,1032,'跑步鞋',1,5,0,NULL,NULL,'2014-10-15 18:31:55','2014-10-15 18:31:55'),(1038,1032,'篮球鞋',1,6,0,NULL,NULL,'2014-10-15 18:31:55','2014-10-15 18:31:55'),(1039,1032,'足球鞋',1,7,0,NULL,NULL,'2014-10-15 18:31:55','2014-10-15 18:31:55'),(1040,1032,'训练鞋',1,8,0,NULL,NULL,'2014-10-15 18:31:55','2014-10-15 18:31:55'),(1041,1032,'乒羽网鞋',1,9,0,NULL,NULL,'2014-10-15 18:31:55','2014-10-15 18:31:55'),(1042,1032,'拖鞋',1,10,0,NULL,NULL,'2014-10-15 18:31:55','2014-10-15 18:31:55'),(1043,1032,'运动包',1,11,0,NULL,NULL,'2014-10-15 18:31:55','2014-10-15 18:31:55'),(1044,1031,'运动服饰',1,2,1,NULL,NULL,'2014-10-15 18:31:55','2014-10-15 18:31:55'),(1045,1044,'运动配饰',1,1,0,NULL,NULL,'2014-10-15 18:31:55','2014-10-15 18:31:55'),(1046,1044,'羽绒服',1,2,0,NULL,NULL,'2014-10-15 18:31:55','2014-10-15 18:31:55'),(1047,1044,'毛衫/线衫',1,3,0,NULL,NULL,'2014-10-15 18:31:55','2014-10-15 18:31:55'),(1048,1044,'乒羽网服',1,4,0,NULL,NULL,'2014-10-15 18:31:55','2014-10-15 18:31:55'),(1049,1044,'训练服',1,5,0,NULL,NULL,'2014-10-15 18:31:55','2014-10-15 18:31:55'),(1050,1044,'运动背心',1,6,0,NULL,NULL,'2014-10-15 18:31:55','2014-10-15 18:31:55'),(1051,1044,'卫衣/套头衫',1,7,0,NULL,NULL,'2014-10-15 18:31:55','2014-10-15 18:31:55'),(1052,1044,'夹克/风衣',1,8,0,NULL,NULL,'2014-10-15 18:31:55','2014-10-15 18:31:55'),(1053,1044,'T恤',1,9,0,NULL,NULL,'2014-10-15 18:31:55','2014-10-15 18:31:55'),(1054,1044,'棉服',1,10,0,NULL,NULL,'2014-10-15 18:31:55','2014-10-15 18:31:55'),(1055,1044,'运动裤',1,11,0,NULL,NULL,'2014-10-15 18:31:55','2014-10-15 18:31:55'),(1056,1044,'套装',1,12,0,NULL,NULL,'2014-10-15 18:31:55','2014-10-15 18:31:55'),(1057,1031,'骑行运动',1,3,1,NULL,NULL,'2014-10-15 18:31:55','2014-10-15 18:31:55'),(1058,1057,'折叠车',1,1,0,NULL,NULL,'2014-10-15 18:31:55','2014-10-15 18:31:55'),(1059,1057,'山地车/公路车',1,2,0,NULL,NULL,'2014-10-15 18:31:55','2014-10-15 18:31:55'),(1060,1057,'电动车',1,3,0,NULL,NULL,'2014-10-15 18:31:55','2014-10-15 18:31:55'),(1061,1057,'其他整车',1,4,0,NULL,NULL,'2014-10-15 18:31:55','2014-10-15 18:31:55'),(1062,1057,'骑行服',1,5,0,NULL,NULL,'2014-10-15 18:31:55','2014-10-15 18:31:55'),(1063,1057,'骑行装备',1,6,0,NULL,NULL,'2014-10-15 18:31:55','2014-10-15 18:31:55'),(1064,1031,'垂钓用品',1,4,1,NULL,NULL,'2014-10-15 18:31:55','2014-10-15 18:31:55'),(1065,1064,'鱼竿鱼线',1,1,0,NULL,NULL,'2014-10-15 18:31:55','2014-10-15 18:31:55'),(1066,1064,'浮漂鱼饵',1,2,0,NULL,NULL,'2014-10-15 18:31:55','2014-10-15 18:31:55'),(1067,1064,'钓鱼桌椅',1,3,0,NULL,NULL,'2014-10-15 18:31:55','2014-10-15 18:31:55'),(1068,1064,'钓鱼配件',1,4,0,NULL,NULL,'2014-10-15 18:31:55','2014-10-15 18:31:55'),(1069,1064,'钓箱鱼包',1,5,0,NULL,NULL,'2014-10-15 18:31:55','2014-10-15 18:31:55'),(1070,1064,'其它',1,6,0,NULL,NULL,'2014-10-15 18:31:55','2014-10-15 18:31:55'),(1071,1031,'游泳用品',1,5,1,NULL,NULL,'2014-10-15 18:31:55','2014-10-15 18:31:55'),(1072,1071,'泳镜',1,1,0,NULL,NULL,'2014-10-15 18:31:55','2014-10-15 18:31:55'),(1073,1071,'泳帽',1,2,0,NULL,NULL,'2014-10-15 18:31:55','2014-10-15 18:31:55'),(1074,1071,'游泳包防水包',1,3,0,NULL,NULL,'2014-10-15 18:31:55','2014-10-15 18:31:55'),(1075,1071,'女士泳衣',1,4,0,NULL,NULL,'2014-10-15 18:31:55','2014-10-15 18:31:55'),(1076,1071,'男士泳衣',1,5,0,NULL,NULL,'2014-10-15 18:31:55','2014-10-15 18:31:55'),(1077,1071,'比基尼',1,6,0,NULL,NULL,'2014-10-15 18:31:55','2014-10-15 18:31:55'),(1078,1071,'其它',1,7,0,NULL,NULL,'2014-10-15 18:31:55','2014-10-15 18:31:55'),(1079,1031,'户外鞋服',1,6,1,NULL,NULL,'2014-10-15 18:31:55','2014-10-15 18:31:55'),(1080,1079,'冲锋衣裤',1,1,0,NULL,NULL,'2014-10-15 18:31:55','2014-10-15 18:31:55'),(1081,1079,'速干衣裤',1,2,0,NULL,NULL,'2014-10-15 18:31:55','2014-10-15 18:31:55'),(1082,1079,'滑雪服',1,3,0,NULL,NULL,'2014-10-15 18:31:55','2014-10-15 18:31:55'),(1083,1079,'羽绒服/棉服',1,4,0,NULL,NULL,'2014-10-15 18:31:55','2014-10-15 18:31:55'),(1084,1079,'休闲衣裤',1,5,0,NULL,NULL,'2014-10-15 18:31:55','2014-10-15 18:31:55'),(1085,1079,'抓绒衣裤',1,6,0,NULL,NULL,'2014-10-15 18:31:55','2014-10-15 18:31:55'),(1086,1079,'软壳衣裤',1,7,0,NULL,NULL,'2014-10-15 18:31:55','2014-10-15 18:31:55'),(1087,1079,'T恤',1,8,0,NULL,NULL,'2014-10-15 18:31:55','2014-10-15 18:31:55'),(1088,1079,'户外风衣',1,9,0,NULL,NULL,'2014-10-15 18:31:55','2014-10-15 18:31:55'),(1089,1079,'功能内衣',1,10,0,NULL,NULL,'2014-10-15 18:31:55','2014-10-15 18:31:55'),(1090,1079,'军迷服饰',1,11,0,NULL,NULL,'2014-10-15 18:31:55','2014-10-15 18:31:55'),(1091,1079,'登山鞋',1,12,0,NULL,NULL,'2014-10-15 18:31:55','2014-10-15 18:31:55'),(1092,1079,'雪地靴',1,13,0,NULL,NULL,'2014-10-15 18:31:55','2014-10-15 18:31:55'),(1093,1079,'徒步鞋',1,14,0,NULL,NULL,'2014-10-15 18:31:55','2014-10-15 18:31:55'),(1094,1079,'越野跑鞋',1,15,0,NULL,NULL,'2014-10-15 18:31:55','2014-10-15 18:31:55'),(1095,1079,'休闲鞋',1,16,0,NULL,NULL,'2014-10-15 18:31:55','2014-10-15 18:31:55'),(1096,1079,'工装鞋',1,17,0,NULL,NULL,'2014-10-15 18:31:55','2014-10-15 18:31:55'),(1097,1079,'溯溪鞋',1,18,0,NULL,NULL,'2014-10-15 18:31:55','2014-10-15 18:31:55'),(1098,1079,'沙滩/凉拖',1,19,0,NULL,NULL,'2014-10-15 18:31:55','2014-10-15 18:31:55'),(1099,1079,'户外袜',1,20,0,NULL,NULL,'2014-10-15 18:31:55','2014-10-15 18:31:55'),(1100,1031,'户外装备',1,7,1,NULL,NULL,'2014-10-15 18:31:55','2014-10-15 18:31:55'),(1101,1100,'帐篷/垫子',1,1,0,NULL,NULL,'2014-10-15 18:31:55','2014-10-15 18:31:55'),(1102,1100,'睡袋/吊床',1,2,0,NULL,NULL,'2014-10-15 18:31:55','2014-10-15 18:31:55'),(1103,1100,'登山攀岩',1,3,0,NULL,NULL,'2014-10-15 18:31:55','2014-10-15 18:31:55'),(1104,1100,'背包',1,4,0,NULL,NULL,'2014-10-15 18:31:55','2014-10-15 18:31:55'),(1105,1100,'户外配饰',1,5,0,NULL,NULL,'2014-10-15 18:31:55','2014-10-15 18:31:55'),(1106,1100,'户外照明',1,6,0,NULL,NULL,'2014-10-15 18:31:55','2014-10-15 18:31:55'),(1107,1100,'户外仪表',1,7,0,NULL,NULL,'2014-10-15 18:31:55','2014-10-15 18:31:55'),(1108,1100,'户外工具',1,8,0,NULL,NULL,'2014-10-15 18:31:55','2014-10-15 18:31:55'),(1109,1100,'望远镜',1,9,0,NULL,NULL,'2014-10-15 18:31:55','2014-10-15 18:31:55'),(1110,1100,'旅游用品',1,10,0,NULL,NULL,'2014-10-15 18:31:55','2014-10-15 18:31:55'),(1111,1100,'便携桌椅床',1,11,0,NULL,NULL,'2014-10-15 18:31:55','2014-10-15 18:31:55'),(1112,1100,'野餐烧烤',1,12,0,NULL,NULL,'2014-10-15 18:31:55','2014-10-15 18:31:55'),(1113,1100,'军迷用品',1,13,0,NULL,NULL,'2014-10-15 18:31:55','2014-10-15 18:31:55'),(1114,1100,'救援装备',1,14,0,NULL,NULL,'2014-10-15 18:31:55','2014-10-15 18:31:55'),(1115,1100,'滑雪装备',1,15,0,NULL,NULL,'2014-10-15 18:31:55','2014-10-15 18:31:55'),(1116,1100,'极限户外',1,16,0,NULL,NULL,'2014-10-15 18:31:55','2014-10-15 18:31:55'),(1117,1100,'冲浪潜水',1,17,0,NULL,NULL,'2014-10-15 18:31:55','2014-10-15 18:31:55'),(1118,1031,'健身训练',1,8,1,NULL,NULL,'2014-10-15 18:31:55','2014-10-15 18:31:55'),(1119,1118,'综合训练器',1,1,0,NULL,NULL,'2014-10-15 18:31:55','2014-10-15 18:31:55'),(1120,1118,'其他大型器械',1,2,0,NULL,NULL,'2014-10-15 18:31:55','2014-10-15 18:31:55'),(1121,1118,'哑铃',1,3,0,NULL,NULL,'2014-10-15 18:31:55','2014-10-15 18:31:55'),(1122,1118,'仰卧板/收腹机',1,4,0,NULL,NULL,'2014-10-15 18:31:55','2014-10-15 18:31:55'),(1123,1118,'其他中小型器材',1,5,0,NULL,NULL,'2014-10-15 18:31:55','2014-10-15 18:31:55'),(1124,1118,'瑜伽舞蹈',1,6,0,NULL,NULL,'2014-10-15 18:31:55','2014-10-15 18:31:55'),(1125,1118,'武术搏击',1,7,0,NULL,NULL,'2014-10-15 18:31:55','2014-10-15 18:31:55'),(1126,1118,'健身车/动感单车',1,8,0,NULL,NULL,'2014-10-15 18:31:55','2014-10-15 18:31:55'),(1127,1118,'跑步机',1,9,0,NULL,NULL,'2014-10-15 18:31:55','2014-10-15 18:31:55'),(1128,1118,'运动护具',1,10,0,NULL,NULL,'2014-10-15 18:31:55','2014-10-15 18:31:55'),(1129,1031,'纤体瑜伽',1,9,1,NULL,NULL,'2014-10-15 18:31:55','2014-10-15 18:31:55'),(1130,1129,'瑜伽垫',1,1,0,NULL,NULL,'2014-10-15 18:31:55','2014-10-15 18:31:55'),(1131,1129,'瑜伽服',1,2,0,NULL,NULL,'2014-10-15 18:31:55','2014-10-15 18:31:55'),(1132,1129,'瑜伽配件',1,3,0,NULL,NULL,'2014-10-15 18:31:55','2014-10-15 18:31:55'),(1133,1129,'瑜伽套装',1,4,0,NULL,NULL,'2014-10-15 18:31:55','2014-10-15 18:31:55'),(1134,1129,'舞蹈鞋服',1,5,0,NULL,NULL,'2014-10-15 18:31:55','2014-10-15 18:31:55'),(1135,1031,'体育用品',1,10,1,NULL,NULL,'2014-10-15 18:31:55','2014-10-15 18:31:55'),(1136,1135,'羽毛球',1,1,0,NULL,NULL,'2014-10-15 18:31:55','2014-10-15 18:31:55'),(1137,1135,'乒乓球',1,2,0,NULL,NULL,'2014-10-15 18:31:55','2014-10-15 18:31:55'),(1138,1135,'篮球',1,3,0,NULL,NULL,'2014-10-15 18:31:55','2014-10-15 18:31:55'),(1139,1135,'足球',1,4,0,NULL,NULL,'2014-10-15 18:31:55','2014-10-15 18:31:55'),(1140,1135,'网球',1,5,0,NULL,NULL,'2014-10-15 18:31:55','2014-10-15 18:31:55'),(1141,1135,'排球',1,6,0,NULL,NULL,'2014-10-15 18:31:55','2014-10-15 18:31:55'),(1142,1135,'高尔夫',1,7,0,NULL,NULL,'2014-10-15 18:31:55','2014-10-15 18:31:55'),(1143,1135,'台球',1,8,0,NULL,NULL,'2014-10-15 18:31:55','2014-10-15 18:31:55'),(1144,1135,'棋牌麻将',1,9,0,NULL,NULL,'2014-10-15 18:31:55','2014-10-15 18:31:55'),(1145,1135,'轮滑滑板',1,10,0,NULL,NULL,'2014-10-15 18:31:55','2014-10-15 18:31:55'),(1146,1135,'其他',1,11,0,NULL,NULL,'2014-10-15 18:31:55','2014-10-15 18:31:55'),(1147,0,'彩票、旅行、充值、票务',1,19,1,NULL,NULL,'2014-10-15 18:31:55','2014-10-15 18:31:55'),(1148,1147,'彩票',1,1,1,NULL,NULL,'2014-10-15 18:31:55','2014-10-15 18:31:55'),(1149,1148,'双色球',1,1,0,NULL,NULL,'2014-10-15 18:31:55','2014-10-15 18:31:55'),(1150,1148,'大乐透',1,2,0,NULL,NULL,'2014-10-15 18:31:55','2014-10-15 18:31:55'),(1151,1148,'福彩3D',1,3,0,NULL,NULL,'2014-10-15 18:31:55','2014-10-15 18:31:55'),(1152,1148,'排列三',1,4,0,NULL,NULL,'2014-10-15 18:31:55','2014-10-15 18:31:55'),(1153,1148,'排列五',1,5,0,NULL,NULL,'2014-10-15 18:31:55','2014-10-15 18:31:55'),(1154,1148,'七星彩',1,6,0,NULL,NULL,'2014-10-15 18:31:55','2014-10-15 18:31:55'),(1155,1148,'七乐彩',1,7,0,NULL,NULL,'2014-10-15 18:31:55','2014-10-15 18:31:55'),(1156,1148,'竞彩足球',1,8,0,NULL,NULL,'2014-10-15 18:31:55','2014-10-15 18:31:55'),(1157,1148,'竞彩篮球',1,9,0,NULL,NULL,'2014-10-15 18:31:55','2014-10-15 18:31:55'),(1158,1148,'新时时彩',1,10,0,NULL,NULL,'2014-10-15 18:31:55','2014-10-15 18:31:55'),(1159,1147,'机票',1,2,1,NULL,NULL,'2014-10-15 18:31:55','2014-10-15 18:31:55'),(1160,1159,'国内机票',1,1,0,NULL,NULL,'2014-10-15 18:31:55','2014-10-15 18:31:55'),(1161,1147,'酒店',1,3,1,NULL,NULL,'2014-10-15 18:31:55','2014-10-15 18:31:55'),(1162,1161,'国内酒店',1,1,0,NULL,NULL,'2014-10-15 18:31:55','2014-10-15 18:31:55'),(1163,1161,'酒店团购',1,2,0,NULL,NULL,'2014-10-15 18:31:55','2014-10-15 18:31:55'),(1164,1147,'旅行',1,4,1,NULL,NULL,'2014-10-15 18:31:55','2014-10-15 18:31:55'),(1165,1164,'度假',1,1,0,NULL,NULL,'2014-10-15 18:31:55','2014-10-15 18:31:55'),(1166,1164,'景点',1,2,0,NULL,NULL,'2014-10-15 18:31:55','2014-10-15 18:31:55'),(1167,1164,'租车',1,3,0,NULL,NULL,'2014-10-15 18:31:55','2014-10-15 18:31:55'),(1168,1164,'火车票',1,4,0,NULL,NULL,'2014-10-15 18:31:55','2014-10-15 18:31:55'),(1169,1164,'旅游团购',1,5,0,NULL,NULL,'2014-10-15 18:31:55','2014-10-15 18:31:55'),(1170,1147,'充值',1,5,1,NULL,NULL,'2014-10-15 18:31:55','2014-10-15 18:31:55'),(1171,1170,'手机充值',1,1,0,NULL,NULL,'2014-10-15 18:31:55','2014-10-15 18:31:55'),(1172,1147,'游戏',1,6,1,NULL,NULL,'2014-10-15 18:31:55','2014-10-15 18:31:55'),(1173,1172,'游戏点卡',1,1,0,NULL,NULL,'2014-10-15 18:31:55','2014-10-15 18:31:55'),(1174,1172,'QQ充值',1,2,0,NULL,NULL,'2014-10-15 18:31:55','2014-10-15 18:31:55'),(1175,1147,'票务',1,7,1,NULL,NULL,'2014-10-15 18:31:55','2014-10-15 18:31:55'),(1176,1175,'电影票',1,1,0,NULL,NULL,'2014-10-15 18:31:55','2014-10-15 18:31:55'),(1177,1175,'演唱会',1,2,0,NULL,NULL,'2014-10-15 18:31:55','2014-10-15 18:31:55'),(1178,1175,'话剧歌剧',1,3,0,NULL,NULL,'2014-10-15 18:31:55','2014-10-15 18:31:55'),(1179,1175,'音乐会',1,4,0,NULL,NULL,'2014-10-15 18:31:55','2014-10-15 18:31:55'),(1180,1175,'体育赛事',1,5,0,NULL,NULL,'2014-10-15 18:31:55','2014-10-15 18:31:55'),(1181,1175,'舞蹈芭蕾',1,6,0,NULL,NULL,'2014-10-15 18:31:55','2014-10-15 18:31:55'),(1182,1175,'戏曲综艺',1,7,0,NULL,NULL,'2014-10-15 18:31:55','2014-10-15 18:31:55');
/*!40000 ALTER TABLE `tb_item_cat` ENABLE KEYS */;
UNLOCK TABLES;

--
-- Table structure for table `tb_item_desc`
--

DROP TABLE IF EXISTS `tb_item_desc`;
/*!40101 SET @saved_cs_client     = @@character_set_client */;
/*!40101 SET character_set_client = utf8 */;
CREATE TABLE `tb_item_desc` (
  `item_id` bigint(20) NOT NULL COMMENT '商品ID',
  `item_desc` text COMMENT '商品描述',
  `created` datetime DEFAULT NULL COMMENT '创建时间',
  `updated` datetime DEFAULT NULL COMMENT '更新时间',
  PRIMARY KEY (`item_id`)
) ENGINE=InnoDB DEFAULT CHARSET=utf8 COMMENT='商品描述表';
/*!40101 SET character_set_client = @saved_cs_client */;

--
-- Dumping data for table `tb_item_desc`
--

LOCK TABLES `tb_item_desc` WRITE;
/*!40000 ALTER TABLE `tb_item_desc` DISABLE KEYS */;
INSERT INTO `tb_item_desc` VALUES (562379,'<img src=\"http://image.smartisanos.cn/resource/98521dbfe1dd1e67db3f7ca21e76c9ef.jpg\" style=\"width:1220px;height:7000px;\" alt=\"\" />','2017-09-05 21:27:54','2017-11-19 21:19:07'),(679532,'<img src=\"http://image.smartisanos.cn/resource/4a7b87fe01ec8339985702ee922d205a.jpg\" style=\"width:1220px;height:4526px;\" alt=\"\" />','2017-09-05 21:27:54','2017-11-09 22:31:04'),(679533,'<img src=\"http://image.smartisanos.cn/resource/0bb13cf0b2e0b4817f4914a317fb1445.png\" style=\"width:1220px;height:6481px;\" alt=\"\" />','2017-09-05 21:27:54','2017-11-19 21:28:04'),(691300,'<img src=\"http://image.smartisanos.cn/resource/d930be42185ab064035d0894f37ea179.jpg\" style=\"width:1220px;height:6478px;\" alt=\"\" />','2017-09-05 21:27:54','2017-11-09 22:22:53'),(738388,'<img src=\"http://image.smartisanos.cn/resource/b3d7b420e3e609e858a8d75f19cbfd7c.jpg\" style=\"width:1220px;height:4829px;\" alt=\"\" />','2017-09-05 21:27:54','2017-11-19 21:21:41'),(741524,'<img src=\"http://image.smartisanos.cn/resource/73fdd5f948cd6248c51521e87acb33e5.jpg\" style=\"width:1220px;height:8703px;\" alt=\"\" />','2017-09-05 21:27:54','2017-11-19 21:31:05'),(816448,'<img src=\"http://image.smartisanos.cn/resource/e7ed8222dcd7c9f67af3097bd7bd5c2b.jpg\" style=\"width:1220px;height:12257px;\" alt=\"\" />','2017-09-05 21:27:54','2017-11-19 21:42:22'),(816753,'<img src=\"http://image.smartisanos.cn/resource/62a60be80e9cd3307ef334ede82b430a.jpg\" style=\"width:1220px;height:8267px;\" alt=\"\" />','2017-09-05 21:27:54','2017-11-19 21:41:18'),(830972,'<img src=\"http://image.smartisanos.cn/resource/102ed8a03b5f4452dda7dc513c016f12.jpg\" style=\"width:1220px;height:8811px;\" alt=\"\" />','2017-09-05 21:27:54','2017-11-19 21:37:54'),(832739,'<img src=\"http://image.smartisanos.cn/resource/f86802b6a7b207d02f5c69163fa5e347.jpg\" style=\"width:1220px;height:13682px;\" alt=\"\" />','2017-09-05 21:27:54','2017-11-19 21:39:10'),(844022,'<img src=\"http://image.smartisanos.cn/resource/bcd85c778a0b54b61afe813bd7b674d4.jpg\" style=\"width:1220px;height:12384px;\" alt=\"\" />','2017-09-05 21:27:54','2017-11-19 21:40:07'),(847276,'<img src=\"http://image.smartisanos.cn/resource/9be6229b3498749c4afd173a3b1fe165.png\" style=\"width:1220px;height:15514px;\" alt=\"\" />','2017-09-05 21:27:54','2018-04-20 22:18:11'),(856645,'<div class=\"ssd-module-wrap\" style=\"margin:0 auto;text-align:left;\">\n	<div class=\"outer-container\">\n		<div class=\" \" id=\"\">\n			<div class=\"ssd-1080\">\n				<div class=\"ssd-j-module item_tit\">\n					<div class=\"tit1\">\n						产品特色\n					</div>\n					<div class=\"tit2\">\n						PRODUCTION\n					</div>\n				</div>\n			</div>\n		</div>\n		<div class=\" \">\n			<div class=\"ssd-1183\">\n				<div class=\"ssd-j-module item_tw_1\" style=\"background:#ffffff url(http://img30.360buyimg.com/sku/jfs/t460/159/849423048/82352/867f75ff/548e5a88N73b12dd9.jpg) no-repeat;\">\n					<div class=\"txt_box\">\n						<div class=\"title1\">\n						</div>\n						<div class=\"title2\">\n						</div>\n					</div>\n					<div class=\"img-pic\">\n						<img class=\"ssd-err-product\" src=\"http://img30.360buyimg.com/sku/jfs/t451/241/814906943/1043/fa877bc/548e4238N585a2a89.png\" alt=\"\" /> \n					</div>\n				</div>\n			</div>\n		</div>\n		<div class=\" \">\n			<div class=\"ssd-2165\">\n				<div class=\"ssd-j-module item_tw_1\" style=\"background:#ffffff url(http://img30.360buyimg.com/cms/jfs/t217/232/2460673136/4947/e76ec4b7/541a3cf8Ne7d0749d.png) no-repeat;\">\n					<div class=\"img-pic\">\n						<img class=\"ssd-err-product\" src=\"http://img30.360buyimg.com/sku/jfs/t598/141/839042103/90325/3ea2cf8a/548e7e74Nc2025337.jpg\" alt=\"\" /> \n					</div>\n					<div class=\"txt_box\">\n						<div class=\"title1\">\n						</div>\n						<div class=\"title2\">\n						</div>\n					</div>\n				</div>\n			</div>\n		</div>\n		<div class=\" \">\n			<div class=\"ssd-2165\">\n				<div class=\"ssd-j-module item_tw_1\" style=\"background:#ffffff;\">\n					<div class=\"img-pic\">\n						<img class=\"ssd-err-product\" src=\"http://img30.360buyimg.com/sku/jfs/t472/95/847651115/101211/6b98601c/548e7fc5Ncb21ef86.jpg\" alt=\"\" /> \n					</div>\n					<div class=\"txt_box\">\n						<div class=\"title1\">\n							、\n						</div>\n						<div class=\"title2\">\n							、\n						</div>\n					</div>\n				</div>\n			</div>\n		</div>\n		<div class=\" \" id=\"\">\n			<div class=\"ssd-1080\">\n				<div class=\"ssd-j-module item_tit\">\n					<div class=\"tit1\">\n						产品功能\n					</div>\n					<div class=\"tit2\">\n						PRODUCT FUNCTION\n					</div>\n				</div>\n			</div>\n		</div>\n		<div class=\" \">\n			<div class=\"ssd-2165\">\n				<div class=\"ssd-j-module item_tw_1\" style=\"background:#ffffff url(http://img30.360buyimg.com/cms/jfs/t217/232/2460673136/4947/e76ec4b7/541a3cf8Ne7d0749d.png) no-repeat;\">\n					<div class=\"img-pic\">\n						<img class=\"ssd-err-product\" src=\"http://img30.360buyimg.com/sku/jfs/t745/150/148843066/79290/604280fc/548e8318Na94c82f9.jpg\" alt=\"\" /> \n					</div>\n					<div class=\"txt_box\">\n						<div class=\"title1\">\n							、\n						</div>\n						<div class=\"title2\">\n							、\n						</div>\n					</div>\n				</div>\n			</div>\n		</div>\n		<div class=\" \">\n			<div class=\"ssd-1829\">\n				<div class=\"ssd-j-module item_tw_1\" style=\"background:#ffffff;\">\n					<div class=\"img-pic\">\n						<img class=\"ssd-err-product\" src=\"http://img30.360buyimg.com/sku/jfs/t769/364/157509045/89868/d97d79ef/548e9d75N18fc06d2.jpg\" alt=\"\" /> \n					</div>\n					<div class=\"txt_box\">\n						<div class=\"title1\">\n						</div>\n						<div class=\"title2\">\n						</div>\n					</div>\n				</div>\n			</div>\n		</div>\n		<div class=\" \">\n			<div class=\"ssd-2136\">\n				<div class=\"ssd-j-module img_box\" style=\"background:#cccccc;\">\n					<div class=\"imglab\">\n						<img class=\"ssd-err-product\" src=\"http://img30.360buyimg.com/sku/jfs/t685/187/809086881/59964/1802066d/548ea270N6853bbcd.jpg\" alt=\"\" /> \n					</div>\n				</div>\n			</div>\n		</div>\n		<div class=\" \">\n			<div class=\"ssd-2136\">\n				<div class=\"ssd-j-module img_box\" style=\"background:#cccccc;\">\n					<div class=\"imglab\">\n						<img class=\"ssd-err-product\" src=\"http://img30.360buyimg.com/sku/jfs/t685/96/811972813/58610/d1082b4d/548ea4ceN7273b5bd.jpg\" alt=\"\" /> \n					</div>\n				</div>\n			</div>\n		</div>\n		<div class=\" \">\n			<div class=\"ssd-1243\">\n				<div class=\"ssd-j-module item_tw_1\" style=\"background:#f3f3f3 url(http://img30.360buyimg.com/sku/jfs/t487/290/816270587/57176/b1d5d9d0/548ea5afN026eaf9a.jpg) no-repeat;\">\n					<div class=\"txt_box\">\n						<div class=\"title1\">\n							、\n						</div>\n						<div class=\"title2\">\n							、\n						</div>\n					</div>\n					<div class=\"img-pic\">\n						<img class=\"ssd-err-product\" src=\"http://img30.360buyimg.com/sku/jfs/t547/275/827858003/1121/958dc0d9/548ea626Na2fb0cd4.png\" alt=\"\" /> \n					</div>\n				</div>\n			</div>\n		</div>\n		<div class=\" \" id=\"\">\n			<div class=\"ssd-1080\">\n				<div class=\"ssd-j-module item_tit\">\n					<div class=\"tit1\">\n						产品细节\n					</div>\n					<div class=\"tit2\">\n						PRODUCT DETAILS\n					</div>\n				</div>\n			</div>\n		</div>\n		<div class=\" \">\n			<div class=\"ssd-2165\">\n				<div class=\"ssd-j-module item_tw_1\" style=\"background:#ffffff url(http://img30.360buyimg.com/cms/jfs/t217/232/2460673136/4947/e76ec4b7/541a3cf8Ne7d0749d.png) no-repeat;\">\n					<div class=\"img-pic\">\n						<img class=\"ssd-err-product\" src=\"http://img30.360buyimg.com/sku/jfs/t766/326/165583398/153663/931a1487/548ea712N54c54c32.jpg\" alt=\"\" /> \n					</div>\n					<div class=\"txt_box\">\n						<div class=\"title1\">\n						</div>\n						<div class=\"title2\">\n						</div>\n					</div>\n				</div>\n			</div>\n		</div>\n		<div class=\" \">\n			<div class=\"ssd-2165\">\n				<div class=\"ssd-j-module item_tw_1\" style=\"background:#ffffff url(http://img30.360buyimg.com/cms/jfs/t217/232/2460673136/4947/e76ec4b7/541a3cf8Ne7d0749d.png) no-repeat;\">\n					<div class=\"img-pic\">\n						<img class=\"ssd-err-product\" src=\"http://img30.360buyimg.com/sku/jfs/t571/63/809585802/77035/720c5d87/548ea7d9N22f04056.jpg\" alt=\"\" /> \n					</div>\n					<div class=\"txt_box\">\n						<div class=\"title1\">\n						</div>\n						<div class=\"title2\">\n						</div>\n					</div>\n				</div>\n			</div>\n		</div>\n	</div>\n</div>','2017-09-05 21:27:54','2017-10-22 22:04:26'),(150635087972564,'<p style=\"text-align:center;\">\n	<img src=\"https://img30.360buyimg.com/popWaterMark/jfs/t7843/137/3005340945/124833/dc7c71f2/59b8ccd1N2bffd055.jpg\" alt=\"\" /><img src=\"https://img30.360buyimg.com/popWaterMark/jfs/t8764/314/1380452846/296346/d62490e2/59b8ccd1N96ce760d.jpg\" alt=\"\" /><img src=\"https://img30.360buyimg.com/popWaterMark/jfs/t8710/275/1373463301/363710/ebf00bff/59b8ccbaN2d563f74.jpg\" alt=\"\" /><img src=\"https://img30.360buyimg.com/popWaterMark/jfs/t8632/330/1390725687/229853/e56f9e1b/59b8ccd1N7b8b6bdb.jpg\" alt=\"\" /><img src=\"https://img30.360buyimg.com/popWaterMark/jfs/t9115/290/1376678976/488369/591760dc/59b8ccc6N1563a61b.jpg\" alt=\"\" /><img src=\"https://img30.360buyimg.com/popWaterMark/jfs/t8233/331/1431263348/183032/b875528c/59b8ccd1Ne7e633e3.jpg\" alt=\"\" /><img src=\"https://img30.360buyimg.com/popWaterMark/jfs/t8785/253/890847377/186916/c467a464/59b8ccd1N4551397c.jpg\" alt=\"\" /> <img src=\"https://img30.360buyimg.com/popWaterMark/jfs/t8728/276/1416802585/172158/1516ec08/59b8ccd1N95aae9c9.jpg\" alt=\"\" /> <img src=\"https://img30.360buyimg.com/popWaterMark/jfs/t9082/133/1223014275/307097/58f97021/59b8ccd2Nebfc633a.jpg\" alt=\"\" /><img src=\"https://img30.360buyimg.com/popWaterMark/jfs/t9052/275/1400615286/155643/1b0ecf44/59b8ccd2N46bd82bf.jpg\" alt=\"\" /> <img src=\"https://img30.360buyimg.com/popWaterMark/jfs/t9169/240/1361662217/193435/24ed9b93/59b8ccd4N03cec407.jpg\" alt=\"\" /> <img src=\"https://img30.360buyimg.com/popWaterMark/jfs/t7390/232/3008585906/285016/56cbb12/59b8ccd4Nc8434af8.jpg\" alt=\"\" /> \n</p>','2017-09-05 21:27:54','2018-07-13 21:59:05'),(150642571432835,'<br />\n<br />\n<br />\n<span style=\"font-size:18px;\">为什么要捐赠？</span> <br />\n<br />\n<span style=\"font-size:18px;\">在开始之前，首先感谢用户的支持和慷慨解囊，不得不说，你们的支持给予了很大的动力</span> <br />\n<br />\n<span style=\"font-size:18px;\">没有广告和第三方推广的收入，主动捐赠是项目受欢迎程度最直观的体现</span> <br />\n<br />\n<span style=\"font-size:18px;\">当支付宝或微信偶尔收到一笔捐赠，就感觉多了一分认可，多了一分责任</span> <br />\n<br />\n<span style=\"font-size:18px;\">一个非盈利项目仅仅依靠兴趣的支撑，很难确定它还能走多远</span> <br />\n<br />\n<span style=\"font-size:18px;\">它以后会变成怎样，我不知道。我只知道，有些东西，要靠双方去维持</span> <br />\n<br />\n<span style=\"font-size:18px;\">捐赠的渠道</span> <br />\n<br />\n<span style=\"font-size:18px;\">支付宝：</span> <br />\n<br />\n<img src=\"https://i.loli.net/2018/07/13/5b48a7f46be51.png\" width=\"250px\" alt=\"\" /> <br />\n<br />\n<span style=\"font-size:18px;\">微信支付：</span> <br />\n<br />\n<img src=\"https://i.loli.net/2018/07/13/5b48a952de430.png\" width=\"250px\" alt=\"\" /> <br />\n<br />\n<span style=\"font-size:18px;\">微信打赏请留言备注您的信息</span> <br />\n<br />\n<br />\n<br />\n<br />','2017-09-05 21:27:54','2018-07-13 21:38:52'),(150642571432836,'<img src=\"https://resource.smartisan.com/resource/36fee45879f4f252492ec552dfd4c323.jpg\" style=\"width:1220px;height:6982px;\" alt=\"\" />','2018-04-18 20:41:41','2018-04-20 00:21:01'),(150642571432837,'<img src=\"https://resource.smartisan.com/resource/5dcbe27f36e1f8f2bfdfabb0b2681879.jpg\" style=\"width:1220px;height:3665px;\" alt=\"\" />','2018-04-19 00:34:06','2018-04-19 23:49:38'),(150642571432838,'<img src=\"https://resource.smartisan.com/resource/3aa27e8caf798b5e7e3796388190b43b.jpg\" style=\"width:1220px;height:5797px;\" alt=\"\" />','2018-04-19 00:35:50','2018-04-20 00:01:08'),(150642571432839,'<img src=\"https://resource.smartisan.com/resource/fda5d962cc2b2e579c5df1c3d9e2f2c8.jpg\" style=\"width:1220px;height:4957px;\" alt=\"\" />','2018-04-19 00:38:07','2018-04-20 00:02:54'),(150642571432840,'<img src=\"https://resource.smartisan.com/resource/14497b77e21fc6d0807e57bb9deabe28.jpg\" style=\"width:1220px;height:9527px;\" alt=\"\" />','2018-04-19 00:40:40','2018-04-20 00:04:41'),(150642571432841,'<img src=\"https://resource.smartisan.com/resource/4272e7737eed967a8f2f10ebef9b84dc.jpg style=\"width:1220px;height:4990px;\" alt=\"\" />','2018-04-19 00:43:48','2018-04-20 00:06:59'),(150642571432842,'<img src=\"https://resource.smartisan.com/resource/4cbe4a14ab225c9466e16f8c8ef4e29e.jpg\" style=\"width:1220px;height:4083px;\" alt=\"\" />','2018-04-19 00:45:14','2018-04-20 00:08:21'),(150642571432843,'<img src=\"https://img20.360buyimg.com/vc/jfs/t17368/340/1617561606/1069487/9676971/5ad014b1Nb8463c4e.jpg\" width=\"1220px\" alt=\"\" />\n<img src=\"https://img20.360buyimg.com/vc/jfs/t17278/52/1620296383/1157116/3d0f473/5ad014b8N32c9c183.jpg\" width=\"1220px\" alt=\"\" />\n<img src=\"https://img20.360buyimg.com/vc/jfs/t19420/87/1609028179/1135327/9b3e0f97/5ad014c0N6234ba19.jpg\" width=\"1220px\" alt=\"\" />','2018-04-19 22:13:31','2018-07-13 22:03:52'),(150642571432844,'<img src=\"https://img20.360buyimg.com/vc/jfs/t11503/47/1494539812/1725396/3defedb6/5a046e18Ne0a5d5da.jpg\" alt=\"\" />','2018-04-19 22:16:05','2018-07-13 22:06:58'),(150642571432845,'<img src=\"https://resource.smartisan.com/resource/27a054301d8e10c40461443928dccd77.jpg\" style=\"width:1220px;height:7451px;\" alt=\"\" />','2018-04-19 22:22:02','2018-04-20 00:19:39'),(150642571432846,'<img src=\"https://resource.smartisan.com/resource/65e89427674ee370fa58f5fe98120679.png\" style=\"width:1220px;height:7881px;\" alt=\"\" />','2018-04-19 22:23:39','2018-04-20 00:23:09'),(150642571432847,'<img src=\"https://resource.smartisan.com/resource/41338ebac06fc82450f8b8e4867df257.jpg\" style=\"width:1220px;height:5043px;\" alt=\"\" />','2018-04-19 22:25:41','2018-04-20 10:51:53'),(150642571432848,'<img src=\"https://resource.smartisan.com/resource/debb893778547fb9d5a6119b376d9ec1.jpg\" style=\"width:1220px;height:6879px;\" alt=\"\" />','2018-04-19 22:28:11','2018-04-20 10:53:15'),(150642571432849,'<img src=\"https://resource.smartisan.com/resource/f03a523847e63f28f9238aad45567b37.jpg\" style=\"width:1220px;height:7935px;\" alt=\"\" />','2018-04-19 22:31:09','2018-04-21 11:26:31'),(150642571432850,'<img src=\"https://resource.smartisan.com/resource/f6de19257228641b1a0c1964239b19b7.jpg\" style=\"width:1220px;height:9970px;\" alt=\"\" />','2018-04-19 22:32:38','2018-04-20 11:17:31'),(150642571432851,'<img src=\"https://resource.smartisan.com/resource/a1f3fbf662376e8684e528f05721b286.jpg\" style=\"width:1220px;height:14998px;\" alt=\"\" />','2018-04-19 22:36:50','2018-04-20 00:13:44');
/*!40000 ALTER TABLE `tb_item_desc` ENABLE KEYS */;
UNLOCK TABLES;

--
-- Table structure for table `tb_log`
--

DROP TABLE IF EXISTS `tb_log`;
/*!40101 SET @saved_cs_client     = @@character_set_client */;
/*!40101 SET character_set_client = utf8 */;
CREATE TABLE `tb_log` (
  `id` int(11) NOT NULL AUTO_INCREMENT,
  `name` varchar(255) DEFAULT NULL,
  `type` int(11) DEFAULT NULL,
  `url` varchar(255) DEFAULT NULL,
  `request_type` varchar(255) DEFAULT NULL,
  `request_param` varchar(255) DEFAULT NULL,
  `user` varchar(255) DEFAULT NULL,
  `ip` varchar(255) DEFAULT NULL,
  `ip_info` varchar(255) DEFAULT NULL,
  `time` int(11) DEFAULT NULL,
  `create_date` datetime DEFAULT NULL,
  PRIMARY KEY (`id`)
) ENGINE=InnoDB AUTO_INCREMENT=9 DEFAULT CHARSET=utf8;
/*!40101 SET character_set_client = @saved_cs_client */;

--
-- Dumping data for table `tb_log`
--

LOCK TABLES `tb_log` WRITE;
/*!40000 ALTER TABLE `tb_log` DISABLE KEYS */;
INSERT INTO `tb_log` VALUES (3,'登录系统',1,'/user/login','POST','{\"password\":\"你是看不见我的\",\"t\":\"1553438222678\",\"challenge\":\"9778d5d219c5080b9a6a17bef029331c3e\",\"seccode\":\"06b5e8c2d1e3b1f5a7817e4c3ea62ce7|jordan\",\"username\":\"test\",\"validate\":\"06b5e8c2d1e3b1f5a7817e4c3ea62ce7\"}','test','127.0.0.1','未知',8011,'2019-03-24 22:37:03'),(4,'登录系统',1,'/user/login','POST','{\"password\":\"你是看不见我的\",\"t\":\"1553518090049\",\"challenge\":\"54dee09cd6ce6b9d0c86f406dec7f4566q\",\"seccode\":\"07ab32104f81b23e98d1474ae681059a|jordan\",\"username\":\"test\",\"validate\":\"07ab32104f81b23e98d1474ae681059a\"}','test','127.0.0.1','未知',5049,'2019-03-25 20:48:10'),(5,'登录系统',1,'/user/login','POST','{\"password\":\"你是看不见我的\",\"t\":\"1553518414845\",\"challenge\":\"5bd92456cb438371cb781d86b26a84bdhp\",\"seccode\":\"49b4253a05209aa3c6485fa21d48af23|jordan\",\"username\":\"test\",\"validate\":\"49b4253a05209aa3c6485fa21d48af23\"}','test','127.0.0.1','未知',2763,'2019-03-25 20:53:35'),(6,'登录系统',1,'/user/login','POST','{\"password\":\"你是看不见我的\",\"t\":\"1553518502334\",\"challenge\":\"338bed670df397087204d390aa1ea9e6ch\",\"seccode\":\"8c5b241a2f64ae2f1b6ec71cff5b95b7|jordan\",\"username\":\"test\",\"validate\":\"8c5b241a2f64ae2f1b6ec71cff5b95b7\"}','test','127.0.0.1','未知',38119,'2019-03-25 20:55:02'),(7,'登录系统',1,'/user/login','POST','{\"password\":\"你是看不见我的\",\"t\":\"1553518641105\",\"challenge\":\"39c8fb74679b05ac93204e78cb553b94bb\",\"seccode\":\"40baed94a5cebe411b99d5d0e8f5ccf3|jordan\",\"username\":\"test\",\"validate\":\"40baed94a5cebe411b99d5d0e8f5ccf3\"}','test','127.0.0.1','未知',5419,'2019-03-25 20:57:21'),(8,'登录系统',1,'/user/login','POST','{\"password\":\"你是看不见我的\",\"t\":\"1553518929994\",\"challenge\":\"ed6dd22d4c601dcb62725cb66cd58e9cbl\",\"seccode\":\"510a7e3fdc33ac33f01e34633bce0090|jordan\",\"username\":\"test\",\"validate\":\"510a7e3fdc33ac33f01e34633bce0090\"}','test','127.0.0.1','未知',4360,'2019-03-25 21:02:10');
/*!40000 ALTER TABLE `tb_log` ENABLE KEYS */;
UNLOCK TABLES;

--
-- Table structure for table `tb_member`
--

DROP TABLE IF EXISTS `tb_member`;
/*!40101 SET @saved_cs_client     = @@character_set_client */;
/*!40101 SET character_set_client = utf8 */;
CREATE TABLE `tb_member` (
  `id` bigint(20) NOT NULL AUTO_INCREMENT,
  `username` varchar(50) NOT NULL COMMENT '用户名',
  `password` varchar(32) NOT NULL COMMENT '密码，加密存储',
  `phone` varchar(20) DEFAULT NULL COMMENT '注册手机号',
  `email` varchar(50) DEFAULT NULL COMMENT '注册邮箱',
  `created` datetime NOT NULL,
  `updated` datetime NOT NULL,
  `sex` varchar(2) DEFAULT '',
  `address` varchar(255) DEFAULT NULL,
  `state` int(1) DEFAULT '0',
  `file` varchar(255) DEFAULT NULL COMMENT '头像',
  `description` varchar(500) DEFAULT NULL,
  `points` int(11) DEFAULT '0' COMMENT '积分',
  `balance` decimal(10,2) DEFAULT '0.00' COMMENT '余额',
  PRIMARY KEY (`id`),
  UNIQUE KEY `username` (`username`) USING BTREE,
  UNIQUE KEY `phone` (`phone`) USING BTREE,
  UNIQUE KEY `email` (`email`) USING BTREE
) ENGINE=InnoDB AUTO_INCREMENT=67 DEFAULT CHARSET=utf8 COMMENT='用户表';
/*!40101 SET character_set_client = @saved_cs_client */;

--
-- Dumping data for table `tb_member`
--

LOCK TABLES `tb_member` WRITE;
/*!40000 ALTER TABLE `tb_member` DISABLE KEYS */;
INSERT INTO `tb_member` VALUES (62,'test','098f6bcd4621d373cade4e832627b4f6',NULL,NULL,'2017-09-05 21:27:54','2017-10-08 18:13:51',NULL,NULL,1,'http://pp2fbljdl.bkt.clouddn.com/1554699193700.png',NULL,NULL,NULL),(63,'admin','21232f297a57a5a743894a0e4a801fc3',NULL,NULL,'2017-09-05 21:27:54','2019-03-30 22:44:37',NULL,NULL,1,'http://ow2h3ee9w.bkt.clouddn.com/1507875078112.png',NULL,NULL,NULL),(64,'xhy','21232f297a57a5a743894a0e4a801fc3',NULL,NULL,'2017-09-05 21:27:54','2018-04-18 14:43:33',NULL,NULL,2,NULL,NULL,NULL,NULL),(65,'xhy1','202cb962ac59075b964b07152d234b70',NULL,NULL,'2017-09-05 21:27:54','2019-03-30 22:41:22',NULL,NULL,1,'',NULL,NULL,NULL),(66,'test22','853d107d784a541d83789224283684f7','13517146820','2179938617@qq.com','2019-03-30 22:43:52','2019-03-30 22:44:27','男','北京市 北京市市辖区 东城区',1,NULL,'2',NULL,NULL);
/*!40000 ALTER TABLE `tb_member` ENABLE KEYS */;
UNLOCK TABLES;

--
-- Table structure for table `tb_order`
--

DROP TABLE IF EXISTS `tb_order`;
/*!40101 SET @saved_cs_client     = @@character_set_client */;
/*!40101 SET character_set_client = utf8 */;
CREATE TABLE `tb_order` (
  `order_id` varchar(50) COLLATE utf8_bin NOT NULL DEFAULT '' COMMENT '订单id',
  `payment` decimal(10,2) DEFAULT NULL COMMENT '实付金额',
  `payment_type` int(1) DEFAULT NULL COMMENT '支付类型 1在线支付 2货到付款',
  `post_fee` decimal(10,2) DEFAULT NULL COMMENT '邮费',
  `status` int(1) DEFAULT NULL COMMENT '状态 0未付款 1已付款 2未发货 3已发货 4交易成功 5交易关闭 6交易失败',
  `create_time` datetime DEFAULT NULL COMMENT '订单创建时间',
  `update_time` datetime DEFAULT NULL COMMENT '订单更新时间',
  `payment_time` datetime DEFAULT NULL COMMENT '付款时间',
  `consign_time` datetime DEFAULT NULL COMMENT '发货时间',
  `end_time` datetime DEFAULT NULL COMMENT '交易完成时间',
  `close_time` datetime DEFAULT NULL COMMENT '交易关闭时间',
  `shipping_name` varchar(20) COLLATE utf8_bin DEFAULT NULL COMMENT '物流名称',
  `shipping_code` varchar(20) COLLATE utf8_bin DEFAULT NULL COMMENT '物流单号',
  `user_id` bigint(20) DEFAULT NULL COMMENT '用户id',
  `buyer_message` varchar(100) COLLATE utf8_bin DEFAULT NULL COMMENT '买家留言',
  `buyer_nick` varchar(50) COLLATE utf8_bin DEFAULT NULL COMMENT '买家昵称',
  `buyer_comment` tinyint(1) DEFAULT NULL COMMENT '买家是否已经评价',
  PRIMARY KEY (`order_id`),
  KEY `create_time` (`create_time`),
  KEY `buyer_nick` (`buyer_nick`),
  KEY `status` (`status`),
  KEY `payment_type` (`payment_type`)
) ENGINE=InnoDB DEFAULT CHARSET=utf8 COLLATE=utf8_bin;
/*!40101 SET character_set_client = @saved_cs_client */;

--
-- Dumping data for table `tb_order`
--

LOCK TABLES `tb_order` WRITE;
/*!40000 ALTER TABLE `tb_order` DISABLE KEYS */;
INSERT INTO `tb_order` VALUES ('150787555927616',1.00,NULL,NULL,5,'2017-10-13 14:19:19','2017-10-13 14:19:19',NULL,NULL,NULL,'2017-10-13 14:19:35',NULL,NULL,63,NULL,'admin',NULL),('155339496023491',2699.00,NULL,NULL,5,'2019-03-24 10:36:00','2019-03-24 10:36:00',NULL,NULL,NULL,'2019-03-31 17:04:42',NULL,NULL,62,NULL,'test',NULL),('155339502381649',199.00,NULL,NULL,5,'2019-03-24 10:37:04','2019-03-24 10:37:04',NULL,NULL,NULL,'2019-03-31 17:04:42',NULL,NULL,62,NULL,'test',NULL),('155428618171972',5398.00,NULL,NULL,5,'2019-04-03 18:09:42','2019-04-03 18:09:42',NULL,NULL,NULL,'2019-04-05 12:00:00',NULL,NULL,62,NULL,'test',NULL),('155460631413650',3905.90,NULL,NULL,1,'2019-04-07 11:05:14','2019-04-07 12:41:05','2019-04-07 12:41:05',NULL,NULL,NULL,NULL,NULL,62,NULL,'test',NULL),('155461216332660',199.00,NULL,NULL,1,'2019-04-07 12:42:43','2019-04-07 13:14:28','2019-04-07 13:14:28',NULL,NULL,NULL,NULL,NULL,62,NULL,'test',NULL),('155461904601612',398.00,NULL,NULL,1,'2019-04-07 14:37:26','2019-04-07 14:37:56','2019-04-07 14:37:56',NULL,NULL,NULL,NULL,NULL,62,NULL,'test',NULL),('155461968161489',9.90,NULL,NULL,1,'2019-04-07 14:48:02','2019-04-07 14:48:17','2019-04-07 14:48:17',NULL,NULL,NULL,NULL,NULL,62,NULL,'test',NULL),('155461987298926',9.90,NULL,NULL,1,'2019-04-07 14:51:13','2019-04-07 14:51:26','2019-04-07 14:51:26',NULL,NULL,NULL,NULL,NULL,62,NULL,'test',NULL),('155461999341896',9.90,NULL,NULL,1,'2019-04-07 14:53:13','2019-04-07 14:53:27','2019-04-07 14:53:27',NULL,NULL,NULL,NULL,NULL,62,NULL,'test',NULL),('155462019069901',199.00,NULL,NULL,1,'2019-04-07 14:56:31','2019-04-07 14:56:43','2019-04-07 14:56:43',NULL,NULL,NULL,NULL,NULL,62,NULL,'test',NULL),('155462044320218',199.00,NULL,NULL,1,'2019-04-07 15:00:43','2019-04-07 15:01:06','2019-04-07 15:01:06',NULL,NULL,NULL,NULL,NULL,62,NULL,'test',NULL),('155463419751273',199.00,NULL,NULL,1,'2019-04-07 18:49:58','2019-04-07 18:50:14','2019-04-07 18:50:14',NULL,NULL,NULL,NULL,NULL,62,NULL,'test',NULL),('155463955634749',1.00,NULL,NULL,1,'2019-04-07 20:19:16','2019-04-07 23:50:56','2019-04-07 23:50:56',NULL,NULL,NULL,NULL,NULL,62,NULL,'test',NULL),('155464653853449',9.90,NULL,312.00,3,'2019-04-07 22:15:39','2019-04-08 09:01:25','2019-04-07 22:32:39','2019-04-08 09:01:25',NULL,NULL,'京东快递','34234234234',62,NULL,'test',NULL),('155468550289613',2699.00,NULL,NULL,1,'2019-04-08 09:05:03','2019-04-08 11:09:16','2019-04-08 11:09:16',NULL,NULL,NULL,NULL,NULL,62,NULL,'test',NULL),('155470901159765',199.00,NULL,NULL,1,'2019-04-08 15:36:52','2019-04-09 10:43:04','2019-04-09 10:43:04',NULL,NULL,NULL,NULL,NULL,62,NULL,'test',NULL),('155472952520754',1499.00,NULL,NULL,1,'2019-04-08 21:18:45','2019-04-08 21:19:13','2019-04-08 21:19:13',NULL,NULL,NULL,NULL,NULL,62,NULL,'test',NULL),('155477817710401',1.00,NULL,NULL,1,'2019-04-09 10:49:37','2019-04-09 10:49:56','2019-04-09 10:49:56',NULL,NULL,NULL,NULL,NULL,62,NULL,'test',NULL),('155477974855086',1.00,NULL,NULL,1,'2019-04-09 11:15:49','2019-04-09 11:16:09','2019-04-09 11:16:09',NULL,NULL,NULL,NULL,NULL,62,NULL,'test',NULL),('155478035310431',49.00,NULL,NULL,1,'2019-04-09 11:25:53','2019-04-09 11:26:04','2019-04-09 11:26:04',NULL,NULL,NULL,NULL,NULL,62,NULL,'test',NULL),('155478049470595',398.00,NULL,NULL,4,'2019-04-09 11:28:15','2019-04-09 11:28:39','2019-04-09 11:28:29',NULL,'2019-04-09 11:28:39',NULL,NULL,NULL,62,NULL,'test',NULL);
/*!40000 ALTER TABLE `tb_order` ENABLE KEYS */;
UNLOCK TABLES;

--
-- Table structure for table `tb_order_item`
--

DROP TABLE IF EXISTS `tb_order_item`;
/*!40101 SET @saved_cs_client     = @@character_set_client */;
/*!40101 SET character_set_client = utf8 */;
CREATE TABLE `tb_order_item` (
  `id` varchar(20) COLLATE utf8_bin NOT NULL,
  `item_id` varchar(50) COLLATE utf8_bin NOT NULL COMMENT '商品id',
  `order_id` varchar(50) COLLATE utf8_bin NOT NULL COMMENT '订单id',
  `num` int(10) DEFAULT NULL COMMENT '商品购买数量',
  `title` varchar(200) COLLATE utf8_bin DEFAULT NULL COMMENT '商品标题',
  `price` decimal(10,2) DEFAULT NULL COMMENT '商品单价',
  `total_fee` decimal(10,2) DEFAULT NULL COMMENT '商品总金额',
  `pic_path` varchar(1000) COLLATE utf8_bin DEFAULT NULL COMMENT '商品图片地址',
  PRIMARY KEY (`id`),
  KEY `item_id` (`item_id`),
  KEY `order_id` (`order_id`)
) ENGINE=InnoDB DEFAULT CHARSET=utf8 COLLATE=utf8_bin;
/*!40101 SET character_set_client = @saved_cs_client */;

--
-- Dumping data for table `tb_order_item`
--

LOCK TABLES `tb_order_item` WRITE;
/*!40000 ALTER TABLE `tb_order_item` DISABLE KEYS */;
INSERT INTO `tb_order_item` VALUES ('150787555927880','150642571432835','150787555927616',1,'捐赠商品',1.00,1.00,'http://ow2h3ee9w.bkt.clouddn.com/FgwHSk1Rnd-8FKqNJhFSSdcq2QVB'),('155339496028481','150642571432851','155339496023491',1,'优点智能 E1 推拉式智能指纹密码锁',2699.00,2699.00,'https://resource.smartisan.com/resource/7ac3af5a92ad791c2b38bfe1e38ee334.jpg'),('155339502388127','150642571432850','155339502381649',1,'ACIL E1 颈挂式蓝牙耳机',199.00,199.00,'https://resource.smartisan.com/resource/406eddef8808fa5a9be9594d07ef8643.jpg'),('155428618197361','150642571432851','155428618171972',2,'优点智能 E1 推拉式智能指纹密码锁',2699.00,5398.00,'https://resource.smartisan.com/resource/7ac3af5a92ad791c2b38bfe1e38ee334.jpg'),('155460631436407','150642571432849','155460631413650',1,'Smartisan 明信片',9.90,9.90,'https://resource.smartisan.com/resource/3973d009d182d8023bea6250b9a3959e.jpg'),('155460631449181','150642571432850','155460631413650',1,'ACIL E1 颈挂式蓝牙耳机',199.00,199.00,'https://resource.smartisan.com/resource/406eddef8808fa5a9be9594d07ef8643.jpg'),('155460631449443','150642571432851','155460631413650',1,'优点智能 E1 推拉式智能指纹密码锁',2699.00,2699.00,'https://resource.smartisan.com/resource/7ac3af5a92ad791c2b38bfe1e38ee334.jpg'),('155460631457048','150642571432852','155460631413650',2,'FIIL Driifter 脖挂蓝牙耳机',499.00,998.00,'https://resource.smartisan.com/resource/367d93db1d58f9f3505bc0ec18efaa44.jpg'),('155461216332968','150642571432850','155461216332660',1,'ACIL E1 颈挂式蓝牙耳机',199.00,199.00,'https://resource.smartisan.com/resource/406eddef8808fa5a9be9594d07ef8643.jpg'),('155461904607919','150642571432850','155461904601612',2,'ACIL E1 颈挂式蓝牙耳机',199.00,398.00,'https://resource.smartisan.com/resource/406eddef8808fa5a9be9594d07ef8643.jpg'),('155461968164970','150642571432849','155461968161489',1,'Smartisan 明信片',9.90,9.90,'https://resource.smartisan.com/resource/3973d009d182d8023bea6250b9a3959e.jpg'),('155461987301972','150642571432849','155461987298926',1,'Smartisan 明信片',9.90,9.90,'https://resource.smartisan.com/resource/3973d009d182d8023bea6250b9a3959e.jpg'),('155461999345058','150642571432849','155461999341896',1,'Smartisan 明信片',9.90,9.90,'https://resource.smartisan.com/resource/3973d009d182d8023bea6250b9a3959e.jpg'),('155462019077561','150642571432850','155462019069901',1,'ACIL E1 颈挂式蓝牙耳机',199.00,199.00,'https://resource.smartisan.com/resource/406eddef8808fa5a9be9594d07ef8643.jpg'),('155462044352837','150642571432850','155462044320218',1,'ACIL E1 颈挂式蓝牙耳机',199.00,199.00,'https://resource.smartisan.com/resource/406eddef8808fa5a9be9594d07ef8643.jpg'),('155463419761823','150642571432850','155463419751273',1,'ACIL E1 颈挂式蓝牙耳机',199.00,199.00,'https://resource.smartisan.com/resource/406eddef8808fa5a9be9594d07ef8643.jpg'),('155463955635022','150642571432835','155463955634749',1,'捐赠商品',1.00,1.00,'https://i.loli.net/2018/07/13/5b48a7f46be51.png'),('155464653857169','150642571432849','155464653853449',1,'Smartisan 明信片',9.90,9.90,'https://resource.smartisan.com/resource/3973d009d182d8023bea6250b9a3959e.jpg'),('155468550297625','150642571432851','155468550289613',1,'优点智能 E1 推拉式智能指纹密码锁',2699.00,2699.00,'https://resource.smartisan.com/resource/7ac3af5a92ad791c2b38bfe1e38ee334.jpg'),('155470901163836','150642571432850','155470901159765',1,'ACIL E1 颈挂式蓝牙耳机',199.00,199.00,'https://resource.smartisan.com/resource/406eddef8808fa5a9be9594d07ef8643.jpg'),('155472952537526','847276','155472952520754',1,'FIIL Diva Pro 全场景无线降噪耳机',1499.00,1499.00,'http://image.smartisanos.cn/resource/804b82e4c05516e822667a23ee311f7c.jpg'),('155477817712871','150635087972564','155477817710401',1,'支付测试商品 IPhone X 全面屏 全面绽放',1.00,1.00,'https://i.loli.net/2018/07/13/5b48ac7766d98.png'),('155477974857785','150642571432835','155477974855086',1,'捐赠商品',1.00,1.00,'https://i.loli.net/2018/07/13/5b48a7f46be51.png'),('155478035313433','150642571432841','155478035310431',1,'坚果 3 TPU 软胶保护套',49.00,49.00,'https://resource.smartisan.com/resource/b899d9b82c4bc2710492a26af021d484.jpg'),('155478049474102','150642571432850','155478049470595',2,'ACIL E1 颈挂式蓝牙耳机',199.00,398.00,'https://resource.smartisan.com/resource/406eddef8808fa5a9be9594d07ef8643.jpg');
/*!40000 ALTER TABLE `tb_order_item` ENABLE KEYS */;
UNLOCK TABLES;

--
-- Table structure for table `tb_order_shipping`
--

DROP TABLE IF EXISTS `tb_order_shipping`;
/*!40101 SET @saved_cs_client     = @@character_set_client */;
/*!40101 SET character_set_client = utf8 */;
CREATE TABLE `tb_order_shipping` (
  `order_id` varchar(50) NOT NULL COMMENT '订单ID',
  `receiver_name` varchar(20) DEFAULT NULL COMMENT '收货人全名',
  `receiver_phone` varchar(20) DEFAULT NULL COMMENT '固定电话',
  `receiver_mobile` varchar(30) DEFAULT NULL COMMENT '移动电话',
  `receiver_state` varchar(10) DEFAULT NULL COMMENT '省份',
  `receiver_city` varchar(10) DEFAULT NULL COMMENT '城市',
  `receiver_district` varchar(20) DEFAULT NULL COMMENT '区/县',
  `receiver_address` varchar(200) DEFAULT NULL COMMENT '收货地址，如：xx路xx号',
  `receiver_zip` varchar(6) DEFAULT NULL COMMENT '邮政编码,如：310001',
  `created` datetime DEFAULT NULL,
  `updated` datetime DEFAULT NULL,
  PRIMARY KEY (`order_id`)
) ENGINE=InnoDB DEFAULT CHARSET=utf8;
/*!40101 SET character_set_client = @saved_cs_client */;

--
-- Dumping data for table `tb_order_shipping`
--

LOCK TABLES `tb_order_shipping` WRITE;
/*!40000 ALTER TABLE `tb_order_shipping` DISABLE KEYS */;
INSERT INTO `tb_order_shipping` VALUES ('150787555927616','4','4',NULL,NULL,NULL,NULL,'4',NULL,'2017-10-13 14:19:19','2017-10-13 14:19:19'),('155339496023491','1','1',NULL,NULL,NULL,NULL,'1',NULL,'2019-03-24 10:36:00','2019-03-24 10:36:00'),('155339502381649','1','1',NULL,NULL,NULL,NULL,'1',NULL,'2019-03-24 10:37:04','2019-03-24 10:37:04'),('155428618171972','1','1',NULL,NULL,NULL,NULL,'1',NULL,'2019-04-03 18:09:42','2019-04-03 18:09:42'),('155460631413650','tom','13434444444',NULL,NULL,NULL,NULL,'shi',NULL,'2019-04-07 11:05:15','2019-04-07 11:05:15'),('155461216332660','tom','13434444444',NULL,NULL,NULL,NULL,'shi',NULL,'2019-04-07 12:42:43','2019-04-07 12:42:43'),('155461904601612','tom','13434444444',NULL,NULL,NULL,NULL,'shi',NULL,'2019-04-07 14:37:26','2019-04-07 14:37:26'),('155461968161489','tom','13434444444',NULL,NULL,NULL,NULL,'shi',NULL,'2019-04-07 14:48:02','2019-04-07 14:48:02'),('155461987298926','tom','13434444444',NULL,NULL,NULL,NULL,'shi',NULL,'2019-04-07 14:51:13','2019-04-07 14:51:13'),('155461999341896','tom','13434444444',NULL,NULL,NULL,NULL,'shi',NULL,'2019-04-07 14:53:14','2019-04-07 14:53:14'),('155462019069901','tom','13434444444',NULL,NULL,NULL,NULL,'shi',NULL,'2019-04-07 14:56:31','2019-04-07 14:56:31'),('155462044320218','tom','13434444444',NULL,NULL,NULL,NULL,'shi',NULL,'2019-04-07 15:00:44','2019-04-07 15:00:44'),('155463419751273','tom','13434444444',NULL,NULL,NULL,NULL,'shi',NULL,'2019-04-07 18:49:58','2019-04-07 18:49:58'),('155463955634749','tom','13434444444',NULL,NULL,NULL,NULL,'shi',NULL,'2019-04-07 20:19:16','2019-04-07 20:19:16'),('155464653853449','tom','13434444444',NULL,NULL,NULL,NULL,'shi',NULL,'2019-04-07 22:15:39','2019-04-07 22:15:39'),('155468550289613','tom','13434444444',NULL,NULL,NULL,NULL,'shi',NULL,'2019-04-08 09:05:03','2019-04-08 09:05:03'),('155470901159765','tom','13434444444',NULL,NULL,NULL,NULL,'shi',NULL,'2019-04-08 15:36:52','2019-04-08 15:36:52'),('155472952520754','tom','13434444444',NULL,NULL,NULL,NULL,'shi',NULL,'2019-04-08 21:18:45','2019-04-08 21:18:45'),('155477817710401','tom','13434444444',NULL,NULL,NULL,NULL,'shi',NULL,'2019-04-09 10:49:37','2019-04-09 10:49:37'),('155477974855086','tom','13434444444',NULL,NULL,NULL,NULL,'shi',NULL,'2019-04-09 11:15:49','2019-04-09 11:15:49'),('155478035310431','tom','13434444444',NULL,NULL,NULL,NULL,'shi',NULL,'2019-04-09 11:25:53','2019-04-09 11:25:53'),('155478049470595','tom','13434444444',NULL,NULL,NULL,NULL,'shi',NULL,'2019-04-09 11:28:15','2019-04-09 11:28:15');
/*!40000 ALTER TABLE `tb_order_shipping` ENABLE KEYS */;
UNLOCK TABLES;

--
-- Table structure for table `tb_panel`
--

DROP TABLE IF EXISTS `tb_panel`;
/*!40101 SET @saved_cs_client     = @@character_set_client */;
/*!40101 SET character_set_client = utf8 */;
CREATE TABLE `tb_panel` (
  `id` int(11) NOT NULL AUTO_INCREMENT COMMENT '类目ID',
  `name` varchar(50) DEFAULT NULL COMMENT '板块名称',
  `type` int(1) DEFAULT NULL COMMENT '类型 0轮播图 1板块种类一 2板块种类二 3板块种类三 ',
  `sort_order` int(4) DEFAULT NULL COMMENT '排列序号',
  `position` int(1) DEFAULT NULL COMMENT '所属位置 0首页 1商品推荐 2我要捐赠',
  `limit_num` int(4) DEFAULT NULL COMMENT '板块限制商品数量',
  `status` int(1) DEFAULT '1' COMMENT '状态',
  `remark` varchar(255) DEFAULT NULL COMMENT '备注',
  `created` datetime DEFAULT NULL COMMENT '创建时间',
  `updated` datetime DEFAULT NULL COMMENT '更新时间',
  PRIMARY KEY (`id`),
  KEY `parent_id` (`status`) USING BTREE,
  KEY `sort_order` (`sort_order`)
) ENGINE=InnoDB AUTO_INCREMENT=11 DEFAULT CHARSET=utf8 COMMENT='内容分类';
/*!40101 SET character_set_client = @saved_cs_client */;

--
-- Dumping data for table `tb_panel`
--

LOCK TABLES `tb_panel` WRITE;
/*!40000 ALTER TABLE `tb_panel` DISABLE KEYS */;
INSERT INTO `tb_panel` VALUES (1,'热门商品',2,2,0,3,1,'','2018-04-18 23:49:13','2018-04-15 19:05:16'),(2,'官方精选',3,3,0,8,1,'',NULL,'2018-04-19 11:20:59'),(3,'品牌精选',3,5,0,7,1,'','2018-04-18 23:49:19','2018-04-17 18:54:15'),(4,'我要捐赠',2,3,2,2,1,'','2017-09-23 15:20:31','2017-11-06 13:17:04'),(6,'为您推荐',2,6,1,2,1,'','2017-11-06 13:17:41','2017-11-06 13:17:41'),(7,'轮播图',0,0,0,5,1,'','2018-04-15 12:33:07','2018-04-15 12:33:07'),(8,'活动版块',1,1,0,4,1,'','2018-04-15 19:05:00','2018-04-15 19:05:00'),(9,'活动版块2',1,7,0,4,1,'',NULL,'2018-04-19 11:57:47'),(10,'品牌周边',3,4,0,7,1,NULL,'2018-04-18 23:50:32','2018-04-18 23:50:35');
/*!40000 ALTER TABLE `tb_panel` ENABLE KEYS */;
UNLOCK TABLES;

--
-- Table structure for table `tb_panel_content`
--

DROP TABLE IF EXISTS `tb_panel_content`;
/*!40101 SET @saved_cs_client     = @@character_set_client */;
/*!40101 SET character_set_client = utf8 */;
CREATE TABLE `tb_panel_content` (
  `id` int(11) NOT NULL AUTO_INCREMENT,
  `panel_id` int(11) NOT NULL COMMENT '所属板块id',
  `type` int(1) DEFAULT NULL COMMENT '类型 0关联商品 1其他链接',
  `product_id` bigint(20) DEFAULT NULL COMMENT '关联商品id',
  `sort_order` int(4) DEFAULT NULL,
  `full_url` varchar(500) DEFAULT NULL COMMENT '其他链接',
  `pic_url` varchar(500) DEFAULT NULL,
  `pic_url2` varchar(500) DEFAULT NULL COMMENT '3d轮播图备用',
  `pic_url3` varchar(500) DEFAULT NULL COMMENT '3d轮播图备用',
  `created` datetime DEFAULT NULL,
  `updated` datetime DEFAULT NULL,
  PRIMARY KEY (`id`),
  KEY `category_id` (`panel_id`),
  KEY `updated` (`updated`)
) ENGINE=InnoDB AUTO_INCREMENT=69 DEFAULT CHARSET=utf8;
/*!40101 SET character_set_client = @saved_cs_client */;

--
-- Dumping data for table `tb_panel_content`
--

LOCK TABLES `tb_panel_content` WRITE;
/*!40000 ALTER TABLE `tb_panel_content` DISABLE KEYS */;
INSERT INTO `tb_panel_content` VALUES (2,3,0,150642571432851,1,'','https://resource.smartisan.com/resource/7ac3af5a92ad791c2b38bfe1e38ee334.jpg',NULL,NULL,'2017-09-23 00:03:02','2018-04-20 00:23:40'),(7,3,0,816448,2,'','https://resource.smartisan.com/resource/41cb562a47d4831e199ed7e2057f3b61.jpg',NULL,NULL,'2017-09-23 22:58:11','2018-04-20 00:14:29'),(8,2,0,150642571432837,1,'','https://resource.smartisan.com/resource/3a7522290397a9444d7355298248f197.jpg',NULL,NULL,'2017-09-25 17:03:48','2018-04-19 23:23:26'),(9,2,0,150642571432838,2,'','https://resource.smartisan.com/resource/63ea40e5c64db1c6b1d480c48fe01272.jpg',NULL,NULL,'2017-09-25 17:04:35','2018-04-20 10:48:17'),(14,2,0,150642571432839,3,'','https://resource.smartisan.com/resource/5e4b1feddb13639550849f12f6b2e202.jpg',NULL,NULL,'2017-10-22 22:14:01','2018-04-20 10:48:29'),(15,2,0,150642571432840,4,'','https://resource.smartisan.com/resource/10525c4b21f039fc8ccb42cd1586f5cd.jpg',NULL,NULL,'2017-10-22 22:14:52','2018-04-20 10:48:43'),(16,2,0,150642571432841,5,'','https://resource.smartisan.com/resource/b899d9b82c4bc2710492a26af021d484.jpg',NULL,NULL,'2017-10-22 22:15:51','2018-04-20 10:49:02'),(17,2,0,150642571432842,6,'','https://resource.smartisan.com/resource/abb6986430536cd9365352b434f3c568.jpg',NULL,NULL,'2017-10-22 22:17:01','2018-04-20 10:49:17'),(18,3,0,847276,3,NULL,'https://resource.smartisan.com/resource/99c548bfc9848a8c95f4e4f7f2bc1095.png',NULL,NULL,'2017-10-22 22:22:52','2017-10-22 22:22:52'),(19,3,0,150642571432844,4,'','https://resource.smartisan.com/resource/71432ad30288fb860a4389881069b874.png',NULL,NULL,'2017-10-22 22:23:35','2018-04-20 11:25:38'),(20,3,0,847276,5,'','https://resource.smartisan.com/resource/804b82e4c05516e822667a23ee311f7c.jpg',NULL,NULL,'2017-10-22 22:24:54','2018-04-20 00:15:03'),(21,3,0,150642571432852,6,'','https://resource.smartisan.com/resource/367d93db1d58f9f3505bc0ec18efaa44.jpg',NULL,NULL,'2017-10-22 22:25:28','2018-04-20 00:24:11'),(22,1,0,150635087972564,1,'','http://pp2fbljdl.bkt.clouddn.com/Foq9bRBUgyuZQBmz9cfbNBli8xdv',NULL,NULL,'2017-10-22 22:26:31','2019-03-29 11:21:49'),(23,1,0,150642571432835,2,'','http://pp2fbljdl.bkt.clouddn.com/FgBNIlv9B9AiXI9s3dw3fbA11ueJ',NULL,NULL,'2017-10-22 22:26:40','2019-03-29 11:22:08'),(25,8,0,150642571432835,1,'https://www.smartisan.com/jianguo3-accessories','https://resource.smartisan.com/resource/6/610400xinpinpeijian.jpg',NULL,NULL,'2018-04-15 19:07:43','2018-04-19 23:20:34'),(26,8,0,150635087972564,2,'https://www.smartisan.com/service/#/tradein','https://resource.smartisan.com/resource/6/610400yijiuhuanxin.jpg',NULL,NULL,'2018-04-15 19:08:00','2018-04-19 23:20:48'),(27,8,0,150642571432835,3,'https://www.smartisan.com/category?id=69','https://resource.smartisan.com/resource/4/489673079577637073.png',NULL,NULL,'2018-04-15 19:08:24','2018-04-19 23:21:01'),(28,8,0,150635087972564,4,'https://www.smartisan.com/','https://resource.smartisan.com/resource/fe6ab43348a43152b4001b4454d206ac.jpg',NULL,NULL,'2018-04-15 19:08:58','2018-04-19 23:21:13'),(29,2,2,150642571432843,0,'','https://resource.smartisan.com/resource/1/1220858shoujilouceng.jpg',NULL,NULL,'2018-04-15 20:14:35','2018-04-20 11:41:27'),(30,3,2,150642571432850,0,'','https://resource.smartisan.com/resource/a/acillouceng1220856.jpg',NULL,NULL,'2018-04-15 20:15:18','2018-04-20 11:18:03'),(32,7,0,150635087972564,1,'','http://static.smartisanos.cn/index/img/store/home/banner-3d-item-1-box-1_61bdc2f4f9.png','http://static.smartisanos.cn/index/img/store/home/banner-3d-item-1-box-3_8fa7866d59.png','http://ow2h3ee9w.bkt.clouddn.com/banner-3d-item-1-box-33.png','2018-04-17 20:41:02','2018-04-17 20:58:41'),(34,7,0,150635087972564,3,NULL,'https://s1.ax1x.com/2018/05/19/Ccdiid.png','','','2018-04-17 21:08:30','2018-04-17 21:08:32'),(35,7,0,150642571432843,4,'','http://pp2fbljdl.bkt.clouddn.com/Fu2QZiYO8xVhSkTJhDSLkMvnuOrl','http://pp2fbljdl.bkt.clouddn.com/Fr8GsOSqvlucJq7TkVC4E9tJknqh','http://pp2fbljdl.bkt.clouddn.com/FlaOqlykjlEeAdiiBEOVVRgEMHpt','2018-04-18 23:44:48','2019-03-28 22:53:21'),(36,9,0,150635087972564,1,'https://www.smartisan.com/pr/#/video/conference-jianguopro2','https://resource.smartisan.com/resource/88684d7ed5eee77e34f044fa32a9121b.png',NULL,NULL,'2018-04-18 23:51:45','2018-04-20 12:03:05'),(37,9,0,150642571432835,2,'https://www.smartisan.com/os/#/4-x','https://resource.smartisan.com/resource/6/610400dibu.jpg',NULL,NULL,'2018-04-18 23:51:51','2018-04-20 12:03:19'),(38,9,0,150635087972564,3,'https://www.smartisan.com/pr/#/video/changhuxi-jinghuaqi','https://resource.smartisan.com/resource/c245ada282824a4a15e68bec80502ad4.jpg',NULL,NULL,'2018-04-18 23:51:58','2018-04-20 12:03:31'),(39,9,0,150642571432835,4,'https://www.smartisan.com/pr/#/video/onestep-introduction','https://resource.smartisan.com/resource/m/minibanner_03.jpg',NULL,NULL,'2018-04-18 23:52:02','2018-04-20 12:03:41'),(40,10,3,NULL,0,'http://xmall.exrick.cn/#/goods?cid=1184','https://resource.smartisan.com/resource/z/zhoubianshangpin1220858web.jpg',NULL,NULL,'2018-04-19 00:02:53','2018-04-20 11:15:59'),(41,10,0,150642571432845,1,'','https://resource.smartisan.com/resource/2f9a0f5f3dedf0ed813622003f1b287b.jpg',NULL,NULL,'2018-04-19 00:02:56','2018-04-20 00:24:36'),(42,10,0,150642571432836,2,'','https://resource.smartisan.com/resource/2b05dbca9f5a4d0c1270123f42fb834c.jpg',NULL,NULL,'2018-04-19 00:03:00','2018-04-20 00:25:01'),(43,10,0,150642571432846,3,'','https://resource.smartisan.com/resource/804edf579887b3e1fae4e20a379be5b5.png',NULL,NULL,'2018-04-19 00:03:04','2018-04-20 00:25:17'),(44,10,0,150642571432848,4,'','https://resource.smartisan.com/resource/a1c53b5f12dd7ef790cadec0eaeaf466.jpg',NULL,NULL,'2018-04-19 00:03:10','2018-04-20 10:55:52'),(45,10,0,150642571432847,5,'','https://resource.smartisan.com/resource/daa975651d6d700c0f886718c520ee19.jpg',NULL,NULL,'2018-04-19 00:03:15','2018-04-20 10:54:56'),(46,10,0,150642571432849,6,'','https://resource.smartisan.com/resource/3973d009d182d8023bea6250b9a3959e.jpg',NULL,NULL,'2018-04-19 00:03:20','2018-04-20 10:55:03'),(47,6,0,150635087972564,1,'','http://ow2h3ee9w.bkt.clouddn.com/FjvP4gBFeYGQoEtEX7dL3kbwJTDW',NULL,NULL,'2018-04-19 11:15:35','2018-04-19 11:15:35'),(48,6,0,150642571432835,2,NULL,'http://ow2h3ee9w.bkt.clouddn.com/FgwHSk1Rnd-8FKqNJhFSSdcq2QVB',NULL,NULL,'2018-04-19 11:18:16','2018-04-19 11:18:18'),(49,4,0,150635087972564,1,NULL,'http://ow2h3ee9w.bkt.clouddn.com/FjvP4gBFeYGQoEtEX7dL3kbwJTDW',NULL,NULL,'2018-04-19 11:20:15','2018-04-19 11:20:17'),(50,4,0,150642571432835,2,NULL,'http://ow2h3ee9w.bkt.clouddn.com/FgwHSk1Rnd-8FKqNJhFSSdcq2QVB',NULL,NULL,'2018-04-19 11:20:19','2018-04-19 11:20:21'),(55,0,1,NULL,1,'http://xmall.exrick.cn/#/goods?cid=1184','品牌周边',NULL,NULL,'2018-07-27 20:48:21','2018-07-27 22:32:51'),(58,0,1,NULL,2,'http://xmall.exrick.cn/#/thanks','测试1',NULL,NULL,'2018-07-27 20:50:07','2019-04-01 11:52:50'),(59,0,0,NULL,3,'http://xmadmin.exrick.cn','后台管理系统',NULL,NULL,'2018-07-27 22:25:44','2018-07-27 22:26:54'),(60,0,0,NULL,4,'http://xpay.exrick.cn','XPay支付系统',NULL,NULL,'2018-07-27 22:26:03','2018-07-27 22:26:50'),(63,0,0,NULL,7,'https://github.com/Exrick/xmall','Github',NULL,NULL,'2018-07-27 22:27:22','2018-07-27 22:27:26'),(65,7,0,150642571432849,2,'','http://pp2fbljdl.bkt.clouddn.com/Fi6Ux0LOCtblWi7lG8pATGeTzVku','http://pp2fbljdl.bkt.clouddn.com/FtHfTM1m8IPJD6TIn_EKsw0cB9Oa','','2019-03-28 22:49:20','2019-03-28 22:50:58'),(66,7,0,150642571432841,1,'','http://pp2fbljdl.bkt.clouddn.com/Ftp_p0WxiNMulkC15Fg3aV0oQJuB','http://pp2fbljdl.bkt.clouddn.com/Fvm_ddk2kmRQcYsZyOvHcBFz3LhQ','http://pp2fbljdl.bkt.clouddn.com/FpIclosfOU61wHqLVLTzulJYdeFK','2019-03-28 22:56:43','2019-03-28 22:56:43'),(67,1,0,150635087972564,2,'','http://pp2fbljdl.bkt.clouddn.com/FsgT58Ke4SiPuxRKRio6SDfwsoO7',NULL,NULL,'2019-04-08 21:04:44','2019-04-08 21:04:44'),(68,1,0,150635087972564,2,'','http://pp2fbljdl.bkt.clouddn.com/FvhxXDBs-ipI_58_o5YXtqMIhgWU',NULL,NULL,'2019-04-08 21:05:14','2019-04-08 21:05:14');
/*!40000 ALTER TABLE `tb_panel_content` ENABLE KEYS */;
UNLOCK TABLES;

--
-- Table structure for table `tb_pay`
--

DROP TABLE IF EXISTS `tb_pay`;
/*!40101 SET @saved_cs_client     = @@character_set_client */;
/*!40101 SET character_set_client = utf8 */;
CREATE TABLE `tb_pay` (
  `id` varchar(255) CHARACTER SET utf8 NOT NULL,
  `nick_name` varchar(255) CHARACTER SET utf8 DEFAULT NULL,
  `info` varchar(255) CHARACTER SET utf8 DEFAULT NULL,
  `money` decimal(10,2) DEFAULT NULL,
  `email` varchar(255) CHARACTER SET utf8 DEFAULT NULL,
  `state` int(2) DEFAULT NULL COMMENT '显示状态 0待审核 1确认显示 2驳回 3通过不展示',
  `pay_type` varchar(255) CHARACTER SET utf8 DEFAULT NULL,
  `create_time` datetime DEFAULT NULL,
  `update_time` datetime DEFAULT NULL,
  `test_email` varchar(255) CHARACTER SET utf8 DEFAULT NULL COMMENT '假管理邮箱',
  `username` varchar(255) CHARACTER SET utf8 DEFAULT NULL,
  PRIMARY KEY (`id`)
) ENGINE=InnoDB DEFAULT CHARSET=latin1;
/*!40101 SET character_set_client = @saved_cs_client */;

--
-- Dumping data for table `tb_pay`
--

LOCK TABLES `tb_pay` WRITE;
/*!40000 ALTER TABLE `tb_pay` DISABLE KEYS */;
/*!40000 ALTER TABLE `tb_pay` ENABLE KEYS */;
UNLOCK TABLES;

--
-- Table structure for table `tb_permission`
--

DROP TABLE IF EXISTS `tb_permission`;
/*!40101 SET @saved_cs_client     = @@character_set_client */;
/*!40101 SET character_set_client = utf8 */;
CREATE TABLE `tb_permission` (
  `id` int(11) NOT NULL AUTO_INCREMENT,
  `name` varchar(255) DEFAULT NULL,
  `permission` varchar(255) DEFAULT NULL,
  PRIMARY KEY (`id`)
) ENGINE=InnoDB AUTO_INCREMENT=79 DEFAULT CHARSET=utf8;
/*!40101 SET character_set_client = @saved_cs_client */;

--
-- Dumping data for table `tb_permission`
--

LOCK TABLES `tb_permission` WRITE;
/*!40000 ALTER TABLE `tb_permission` DISABLE KEYS */;
INSERT INTO `tb_permission` VALUES (17,'添加栏目内容','/content/add'),(18,'删除栏目内容','/content/del/*'),(19,'编辑栏目内容','/content/update'),(20,'webupload图片上传','/image/imageUpload'),(21,'kindeditor图片上传','/kindeditor/imageUpload'),(23,'商品分类编辑','/item/cat/update'),(24,'商品分类添加','/item/cat/add'),(25,'商品分类删除','/item/cat/del/*'),(27,'商品添加','/item/add'),(28,'商品删除','/item/del/*'),(29,'启用商品','/item/start/*'),(30,'停用商品','/item/stop/*'),(31,'编辑商品','/item/update/*'),(33,'会员添加','/member/add'),(34,'修改会员密码','/member/changePass/*'),(35,'会员删除','/member/del/*'),(36,'会员移除','/member/remove/*'),(37,'会员启用','/member/start/*'),(38,'会员停用','/member/stop/*'),(39,'会员编辑','/member/update/*'),(40,'权限添加','/user/addPermission'),(41,'角色添加','/user/addRole'),(42,'用户添加','/user/addUser'),(43,'修改用户密码','/user/changePass'),(44,'删除权限','/user/delPermission/*'),(45,'删除角色','/user/delRole/*'),(46,'删除用户','/user/delUser/*'),(47,'用户启用','/user/start/*'),(48,'用户停用','/user/stop/*'),(49,'编辑权限','/user/updatePermission'),(50,'编辑角色','/user/updateRole'),(51,'编辑用户','/user/updateUser'),(52,'编辑系统基本配置','/sys/base/update'),(53,'删除系统日志','/sys/log/del/*'),(54,'添加shiro配置','/sys/shiro/add'),(55,'删除shiro配置','/sys/shiro/del/*'),(56,'编辑shiro配置','/sys/shiro/update'),(57,'删除订单','/order/del/*'),(58,'添加捐赠','/thanks/add'),(59,'删除捐赠','/thanks/del/*'),(60,'编辑捐赠','/thanks/update'),(61,'添加板块','/panel/add'),(62,'删除版块','/panel/del/*'),(63,'更新板块','/panel/update'),(64,'更新首页缓存','/redis/index/update'),(65,'更新推荐板块缓存','/redis/recommend/update'),(66,'更新捐赠板块缓存','/redis/thank/update'),(67,'同步索引','/item/importIndex'),(69,'订单备注','/order/remark'),(70,'订单发货','/order/deliver'),(71,'取消订单','/order/cancel/*'),(72,'快递添加','/express/add'),(73,'快递编辑','/express/update'),(74,'快递删除','/express/del/*'),(75,'词典添加','/dict/add'),(76,'词典编辑','/dict/update'),(77,'词典删除','/dict/del/*'),(78,'捐赠管理页面','/thanks-list');
/*!40000 ALTER TABLE `tb_permission` ENABLE KEYS */;
UNLOCK TABLES;

--
-- Table structure for table `tb_role`
--

DROP TABLE IF EXISTS `tb_role`;
/*!40101 SET @saved_cs_client     = @@character_set_client */;
/*!40101 SET character_set_client = utf8 */;
CREATE TABLE `tb_role` (
  `id` int(11) NOT NULL AUTO_INCREMENT,
  `name` varchar(255) DEFAULT NULL,
  `description` varchar(255) DEFAULT NULL,
  PRIMARY KEY (`id`)
) ENGINE=InnoDB AUTO_INCREMENT=4 DEFAULT CHARSET=utf8;
/*!40101 SET character_set_client = @saved_cs_client */;

--
-- Dumping data for table `tb_role`
--

LOCK TABLES `tb_role` WRITE;
/*!40000 ALTER TABLE `tb_role` DISABLE KEYS */;
INSERT INTO `tb_role` VALUES (1,'超级管理员','拥有至高无上的权力'),(2,'游客1','只是个过客'),(3,'test','拥有至高无上的权力');
/*!40000 ALTER TABLE `tb_role` ENABLE KEYS */;
UNLOCK TABLES;

--
-- Table structure for table `tb_role_perm`
--

DROP TABLE IF EXISTS `tb_role_perm`;
/*!40101 SET @saved_cs_client     = @@character_set_client */;
/*!40101 SET character_set_client = utf8 */;
CREATE TABLE `tb_role_perm` (
  `id` int(11) NOT NULL AUTO_INCREMENT,
  `role_id` int(11) DEFAULT NULL,
  `permission_id` int(11) DEFAULT NULL,
  PRIMARY KEY (`id`)
) ENGINE=InnoDB AUTO_INCREMENT=476 DEFAULT CHARSET=utf8;
/*!40101 SET character_set_client = @saved_cs_client */;

--
-- Dumping data for table `tb_role_perm`
--

LOCK TABLES `tb_role_perm` WRITE;
/*!40000 ALTER TABLE `tb_role_perm` DISABLE KEYS */;
INSERT INTO `tb_role_perm` VALUES (246,1,17),(247,1,18),(248,1,19),(249,1,20),(250,1,21),(251,1,23),(252,1,24),(253,1,25),(254,1,27),(255,1,28),(256,1,29),(257,1,30),(258,1,31),(259,1,33),(260,1,34),(261,1,35),(262,1,36),(263,1,37),(264,1,38),(265,1,39),(266,1,40),(267,1,41),(268,1,42),(269,1,43),(270,1,44),(271,1,45),(272,1,46),(273,1,47),(274,1,48),(275,1,49),(276,1,50),(277,1,51),(278,1,52),(279,1,53),(280,1,54),(281,1,55),(282,1,56),(283,1,57),(284,1,58),(285,1,59),(286,1,60),(287,1,61),(288,1,62),(289,1,63),(290,1,64),(291,1,65),(292,1,66),(293,1,67),(294,1,69),(295,1,70),(296,1,71),(297,1,72),(298,1,73),(299,1,74),(300,1,75),(301,1,76),(302,1,77),(303,1,78),(418,3,17),(419,3,18),(420,3,19),(421,3,20),(422,3,21),(423,3,23),(424,3,24),(425,3,25),(426,3,27),(427,3,28),(428,3,29),(429,3,30),(430,3,31),(431,3,33),(432,3,34),(433,3,35),(434,3,36),(435,3,37),(436,3,38),(437,3,39),(438,3,40),(439,3,41),(440,3,42),(441,3,43),(442,3,44),(443,3,45),(444,3,46),(445,3,47),(446,3,48),(447,3,49),(448,3,50),(449,3,51),(450,3,52),(451,3,53),(452,3,54),(453,3,55),(454,3,56),(455,3,57),(456,3,58),(457,3,59),(458,3,60),(459,3,61),(460,3,62),(461,3,63),(462,3,64),(463,3,65),(464,3,66),(465,3,67),(466,3,69),(467,3,70),(468,3,71),(469,3,72),(470,3,73),(471,3,74),(472,3,75),(473,3,76),(474,3,77),(475,3,78);
/*!40000 ALTER TABLE `tb_role_perm` ENABLE KEYS */;
UNLOCK TABLES;

--
-- Table structure for table `tb_shiro_filter`
--

DROP TABLE IF EXISTS `tb_shiro_filter`;
/*!40101 SET @saved_cs_client     = @@character_set_client */;
/*!40101 SET character_set_client = utf8 */;
CREATE TABLE `tb_shiro_filter` (
  `id` int(11) NOT NULL AUTO_INCREMENT,
  `name` varchar(255) DEFAULT NULL,
  `perms` varchar(255) DEFAULT NULL,
  `sort_order` int(11) DEFAULT NULL,
  PRIMARY KEY (`id`)
) ENGINE=InnoDB AUTO_INCREMENT=86 DEFAULT CHARSET=utf8;
/*!40101 SET character_set_client = @saved_cs_client */;

--
-- Dumping data for table `tb_shiro_filter`
--

LOCK TABLES `tb_shiro_filter` WRITE;
/*!40000 ALTER TABLE `tb_shiro_filter` DISABLE KEYS */;
INSERT INTO `tb_shiro_filter` VALUES (1,'/login','anon',1),(2,'/403','anon',2),(3,'/','authc',3),(7,'/index','authc',4),(8,'/welcome','authc',5),(9,'/thanks-pic','authc',6),(10,'/lock-screen','authc',7),(11,'/user/logout','authc',8),(12,'/user/userInfo','authc',9),(17,'/content/cat/add','perms[/content/cat/add]',10),(18,'/content/cat/del/*','perms[/content/cat/del/*]',11),(19,'/content/cat/update','perms[/content/cat/update]',12),(21,'/content/add','perms[/content/add]',13),(22,'/content/del/*','perms[/content/del/*]',14),(23,'/content/update','perms[/content/update]',15),(24,'/image/imageUpload','perms[/image/imageUpload]',16),(25,'/image/update','perms[/image/update]',18),(26,'/kindeditor/imageUpload','perms[/kindeditor/imageUpload]',17),(27,'/item/cat/add','perms[/item/cat/add]',19),(28,'/item/cat/del/*','perms[/item/cat/del/*]',20),(29,'/item/cat/update','perms[/item/cat/update]',21),(30,'/item/add','perms[/item/add]',22),(31,'/item/del/*','perms[/item/del/*]',23),(32,'/item/start/*','perms[/item/start/*]',24),(33,'/item/stop/*','perms[/item/stop/*]',25),(34,'/item/update/*','perms[/item/update/*]',26),(36,'/member/add','perms[/member/add]',28),(37,'/member/changePass/*','perms[/member/changePass/*]',29),(38,'/member/del/*','perms[/member/del/*]',30),(39,'/member/remove/*','perms[/member/remove/*]',31),(40,'/member/start/*','perms[/member/start/*]',32),(41,'/member/stop/*','perms[/member/stop/*]',33),(42,'/member/update/*','perms[/member/update/*]',34),(43,'/user/addPermission','perms[/user/addPermission]',35),(44,'/user/addRole','perms[/user/addRole]',36),(45,'/user/addUser','perms[/user/addUser]',37),(46,'/user/changePass','perms[/user/changePass]',38),(47,'/user/delPermission/*','perms[/user/delPermission/*]',39),(48,'/user/delRole/*','perms[/user/delRole/*]',40),(49,'/user/delUser/*','perms[/user/delUser/*]',41),(50,'/user/start/*','perms[/user/start/*]',42),(51,'/user/stop/*','perms[/user/stop/*]',43),(52,'/user/updatePermission','perms[/user/updatePermission]',44),(53,'/user/updateRole','perms[/user/updateRole]',45),(54,'/user/updateUser','perms[/user/updateUser]',46),(55,'/sys/base/update','perms[/sys/base/update]',47),(56,'/sys/log/del/*','perms[/sys/log/del/*]',48),(57,'/sys/shiro/add','perms[/sys/shiro/add]',49),(58,'/sys/shiro/del/*','perms[/sys/shiro/del/*]',50),(59,'/sys/shiro/update','perms[/sys/shiro/update]',51),(60,'/order/del/*','perms[/order/del/*]',52),(61,'/thanks/add','perms[/thanks/add]',53),(62,'/thanks/del/*','perms[/thanks/del/*]',54),(63,'/thanks/update','perms[/thanks/update]',55),(66,'/*','authc',9),(67,'/geetestInit','anon',3),(68,'/pay-edit','anon',3),(69,'/panel/add','perms[/panel/add]',56),(70,'/panel/del/*','perms[/panel/del/*]',57),(71,'/panel/update','perms[/panel/update]',58),(72,'/redis/index/update','perms[/redis/index/update]',59),(73,'/redis/recommend/update','perms[/redis/recommend/update]',60),(74,'/redis/thank/update','perms[/redis/thank/update]',61),(75,'/item/importIndex','perms[/item/importIndex]',62),(76,'/order/remark','perms[/order/remark]',63),(77,'/order/deliver','perms[/order/deliver]',64),(78,'/order/cancel/*','perms[/order/cancel/*]',65),(79,'/express/add','perms[/express/add]',66),(80,'/express/update','perms[/express/update]',67),(81,'/express/del/*','perms[/express/del/*]',68),(82,'/dict/add','perms[/dict/add]',69),(83,'/dict/update','perms[/dict/update]',70),(84,'/dict/del/*','perms[/dict/del/*]',71),(85,'/thanks-list','perms[/thanks-list]',72);
/*!40000 ALTER TABLE `tb_shiro_filter` ENABLE KEYS */;
UNLOCK TABLES;

--
-- Table structure for table `tb_thanks`
--

DROP TABLE IF EXISTS `tb_thanks`;
/*!40101 SET @saved_cs_client     = @@character_set_client */;
/*!40101 SET character_set_client = utf8 */;
CREATE TABLE `tb_thanks` (
  `id` bigint(20) NOT NULL DEFAULT '0',
  `nick_name` varchar(255) DEFAULT NULL,
  `username` varchar(255) DEFAULT NULL,
  `money` decimal(10,2) DEFAULT NULL,
  `info` varchar(255) DEFAULT NULL,
  `email` varchar(255) DEFAULT NULL COMMENT '通知邮箱',
  `state` int(11) DEFAULT '0' COMMENT '状态 0待审核 1确认显示  2驳回 3通过不展示',
  `pay_type` varchar(255) DEFAULT NULL COMMENT '支付方式',
  `order_id` varchar(255) DEFAULT NULL COMMENT '关联订单id',
  `date` datetime DEFAULT NULL,
  PRIMARY KEY (`id`)
) ENGINE=InnoDB DEFAULT CHARSET=utf8;
/*!40101 SET character_set_client = @saved_cs_client */;

--
-- Dumping data for table `tb_thanks`
--

LOCK TABLES `tb_thanks` WRITE;
/*!40000 ALTER TABLE `tb_thanks` DISABLE KEYS */;
INSERT INTO `tb_thanks` VALUES (6,'小黄鱼','18782059038@163.com',1.00,'无',NULL,1,'Alipay',NULL,'2018-03-30 19:03:07'),(7,'','test',1.00,'123','1633138551@qq.com',0,'Alipay','155460631413650','2019-04-07 12:41:05'),(8,'','test',1.00,'','1633138551@qq.com',0,'Alipay','155461216332660','2019-04-07 13:14:28'),(9,'','test',1.00,'','2179931617@qq.com',0,'Alipay','155461904601612','2019-04-07 14:37:56'),(10,'','test',1.00,'','1633138551@qq.com',0,'Alipay','155461968161489','2019-04-07 14:48:17'),(11,'','test',1.00,'','1633138551@qq.com',0,'Alipay','155461987298926','2019-04-07 14:51:26'),(12,'','test',1.00,'','1633138551@qq.com',0,'Alipay','155461999341896','2019-04-07 14:53:27'),(13,'','test',1.00,'','1633138551@qq.com',0,'Alipay','155462019069901','2019-04-07 14:56:43'),(14,'','test',1.00,'','16@qq.com',0,'Alipay','155462044320218','2019-04-07 15:01:06'),(15,'','test',1.00,'','swm@aa.com',0,'Alipay','155462078450833','2019-04-07 15:06:33'),(16,'','test',1.00,'','stoming@foxmail.com',0,'Alipay','155463419751273','2019-04-07 18:50:14'),(17,'','test',1.00,'','23@qq.com',0,'Alipay','155463955634749','2019-04-07 20:19:25'),(18,'','test',1.00,'','23@qq.cm',0,'Alipay','155463955634749','2019-04-07 21:17:43'),(19,'','test',1.00,'','123@qq.com',0,'Alipay','155463955634749','2019-04-07 21:23:44'),(20,'','test',1.00,'','123@qq.com',0,'Alipay','155463955634749','2019-04-07 21:27:59'),(21,'','test',1.00,'','1@qq.com',0,'Alipay','155463955634749','2019-04-07 21:33:46'),(22,'','test',1.00,'','123@qq.com',0,'Wechat','155463955634749','2019-04-07 21:49:47'),(23,'','test',1.00,'','123@qq.co',0,'Alipay','155463955634749','2019-04-07 21:52:02'),(24,'','test',1.00,'','22@qq.com',0,'Wechat','155463955634749','2019-04-07 21:54:04'),(25,'','test',1.00,'','q@qq.com',0,'Wechat','155463955634749','2019-04-07 21:56:27'),(26,'','test',1.00,'','1@qq.com',0,'Wechat','155463955634749','2019-04-07 21:59:01'),(27,'','test',1.00,'','123@qq.com',0,'Alipay','155463955634749','2019-04-07 22:01:11'),(28,'','test',1.00,'','s@qq.com',0,'Alipay','155463955634749','2019-04-07 22:04:19'),(29,'','test',1.00,'','23@qq.com',0,'Alipay','155463955634749','2019-04-07 22:06:48'),(30,'','test',1.00,'','23@qq.com',0,'Alipay','155463955634749','2019-04-07 22:10:54'),(31,'','test',1.00,'','23@qq.com',0,'Alipay','155464653853449','2019-04-07 22:17:44'),(32,'','test',1.00,'','12@ww.com',0,'Wechat','155464653853449','2019-04-07 22:22:57'),(33,'','test',1.00,'','123@ww.com',0,'Wechat','155464653853449','2019-04-07 22:25:00'),(34,'','test',1.00,'','123@qq.com',0,'Wechat','155464653853449','2019-04-07 22:32:39'),(35,'123','test',1.00,'','a@qq.com',0,'Alipay','155463955634749','2019-04-07 23:41:45'),(36,'232','test',1.00,'','ss@qq.com',0,'Alipay','155463955634749','2019-04-07 23:45:40'),(37,'','test',1.00,'','sss@qq.com',0,'Alipay','155463955634749','2019-04-07 23:50:56'),(38,'','test',1.00,'','2@qq.com',0,'Alipay','155468550289613','2019-04-08 11:09:15'),(39,'tom','test',1.00,'','2179938617@qq.com',0,'Wechat','155472952520754','2019-04-08 21:19:13'),(40,'ferwe','test',1.00,'','2179938617@qq.com',0,'Alipay','155477365219726','2019-04-09 09:34:33'),(41,'123','test',1.00,'','2179938617@qq.com',0,'Alipay','155470901159765','2019-04-09 10:25:54'),(42,'','test',1.00,'','2179938617@qq.com',0,'Alipay','155470901159765','2019-04-09 10:43:03'),(43,'123123','test',1.00,'aaa','2179938617@qq.com',0,'Alipay','155477817710401','2019-04-09 10:49:56'),(155477976918185,'testtest','test',1.00,'tsettse','2179938617@qq.com',0,'Wechat','155477974855086','2019-04-09 11:16:09'),(155478036428413,'','test',1.00,'','2179938617@qq.com',0,'Alipay','155478035310431','2019-04-09 11:26:04'),(155478050889559,'222','test',1.00,'','2179938617@qq.com',0,'Alipay','155478049470595','2019-04-09 11:28:29');
/*!40000 ALTER TABLE `tb_thanks` ENABLE KEYS */;
UNLOCK TABLES;

--
-- Table structure for table `tb_user`
--

DROP TABLE IF EXISTS `tb_user`;
/*!40101 SET @saved_cs_client     = @@character_set_client */;
/*!40101 SET character_set_client = utf8 */;
CREATE TABLE `tb_user` (
  `id` bigint(20) NOT NULL AUTO_INCREMENT,
  `username` varchar(50) NOT NULL COMMENT '用户名',
  `password` varchar(32) NOT NULL COMMENT '密码 md5加密存储',
  `phone` varchar(20) DEFAULT NULL COMMENT '注册手机号',
  `email` varchar(50) DEFAULT NULL COMMENT '注册邮箱',
  `sex` varchar(2) DEFAULT '',
  `address` varchar(255) DEFAULT NULL,
  `state` int(11) DEFAULT '0',
  `description` varchar(255) DEFAULT NULL,
  `role_id` int(11) DEFAULT '0',
  `file` varchar(255) DEFAULT NULL COMMENT '头像',
  `created` datetime NOT NULL,
  `updated` datetime NOT NULL,
  PRIMARY KEY (`id`),
  UNIQUE KEY `username` (`username`) USING BTREE,
  UNIQUE KEY `phone` (`phone`) USING BTREE,
  UNIQUE KEY `email` (`email`) USING BTREE
) ENGINE=InnoDB AUTO_INCREMENT=3 DEFAULT CHARSET=utf8 COMMENT='用户表';
/*!40101 SET character_set_client = @saved_cs_client */;

--
-- Dumping data for table `tb_user`
--

LOCK TABLES `tb_user` WRITE;
/*!40000 ALTER TABLE `tb_user` DISABLE KEYS */;
INSERT INTO `tb_user` VALUES (1,'admin','e10adc3949ba59abbe56e057f20f883e','17621230884','1012139570@qq.com','男',NULL,1,'超级管理员',1,'http://ow2h3ee9w.bkt.clouddn.com/1507866340369.png','2017-09-05 21:27:54','2017-10-18 22:57:08'),(2,'test','853d107d784a541d83789224283684f7','12345678901','123@qq.com','女',NULL,1,'游客',0,NULL,'2017-09-05 21:27:54','2019-03-31 16:52:59');
/*!40000 ALTER TABLE `tb_user` ENABLE KEYS */;
UNLOCK TABLES;
/*!40103 SET TIME_ZONE=@OLD_TIME_ZONE */;

/*!40101 SET SQL_MODE=@OLD_SQL_MODE */;
/*!40014 SET FOREIGN_KEY_CHECKS=@OLD_FOREIGN_KEY_CHECKS */;
/*!40014 SET UNIQUE_CHECKS=@OLD_UNIQUE_CHECKS */;
/*!40101 SET CHARACTER_SET_CLIENT=@OLD_CHARACTER_SET_CLIENT */;
/*!40101 SET CHARACTER_SET_RESULTS=@OLD_CHARACTER_SET_RESULTS */;
/*!40101 SET COLLATION_CONNECTION=@OLD_COLLATION_CONNECTION */;
/*!40111 SET SQL_NOTES=@OLD_SQL_NOTES */;

-- Dump completed on 2019-04-09 11:47:09
